source,target,value
African,American,0.063914057
African,Asian,0.066179524
African,Austria,0.058387322
African,Bangladesh,0.135167572
African,Belgium,0.073400496
African,Cajun_Creole,0.095780806
African,Canada,0.067857136
African,Caribbean,0.089483498
African,Central_South_American,0.100070734
African,Chinese,0.064660777
African,East_African,0.086332326
African,East_Asian,0.062830741
African,Eastern_Europe,0.071468862
African,Russian,0.071655768
African,Scottish,0.057530745
African,French,0.066608959
African,German,0.065541233
African,Greek,0.091148473
African,Indian,0.110940785
African,Indonesia,0.087107468
African,Iran,0.078066991
African,Irish,0.054234652
African,Israel,0.074763184
African,Italian,0.083417476
African,Japanese,0.045767744
African,Jewish,0.075715741
African,Korean,0.063364466
African,Lebanon,0.104622283
African,Malaysia,0.093532118
African,Mediterranean,0.098232377
African,Mexican,0.104931907
African,Middle_Eastern,0.107241674
African,Moroccan,0.134610206
African,Netherlands,0.065828033
African,North_African,0.122950559
African,Pakistan,0.145527963
African,Philippines,0.077771815
African,Portugal,0.080149784
African,Scandinavian,0.055634874
African,South_African,0.075021314
African,South_America,0.078698041
African,Southern_SoulFood,0.070537669
African,Southwestern,0.111749257
African,Spain,0.097636835
African,Spanish_Portuguese,0.096668347
African,Switzerland,0.06050981
African,Thai,0.085158116
African,Turkey,0.104099603
African,UK,0.058630763
African,Vietnamese,0.078243952
African,West_African,0.116197459
African,Western,0.066998612
American,African,0.063914057
American,Asian,0.042725484
American,Austria,0.123008184
American,Bangladesh,0.063385639
American,Belgium,0.112609954
American,Cajun_Creole,0.075633985
American,Canada,0.082449866
American,Caribbean,0.06436848
American,Central_South_American,0.070294749
American,Chinese,0.049464222
American,East_African,0.053456292
American,East_Asian,0.044702693
American,Eastern_Europe,0.09655407
American,Russian,0.088837208
American,Scottish,0.095291921
American,French,0.081529398
American,German,0.097075589
American,Greek,0.061649302
American,Indian,0.056290995
American,Indonesia,0.071383211
American,Iran,0.048490734
American,Irish,0.085252645
American,Israel,0.084384636
American,Italian,0.069481117
American,Japanese,0.042301969
American,Jewish,0.079554751
American,Korean,0.043594465
American,Lebanon,0.062749393
American,Malaysia,0.066189575
American,Mediterranean,0.059092271
American,Mexican,0.070780174
American,Middle_Eastern,0.06244289
American,Moroccan,0.060845557
American,Netherlands,0.12220318
American,North_African,0.067330769
American,Pakistan,0.064985693
American,Philippines,0.076964947
American,Portugal,0.083473467
American,Scandinavian,0.095488608
American,South_African,0.074125085
American,South_America,0.073017067
American,Southern_SoulFood,0.087404139
American,Southwestern,0.065090458
American,Spain,0.064465357
American,Spanish_Portuguese,0.064887735
American,Switzerland,0.096157254
American,Thai,0.04324745
American,Turkey,0.089807952
American,UK,0.096392042
American,Vietnamese,0.045136569
American,West_African,0.06479931
American,Western,0.088516821
Asian,African,0.066179524
Asian,American,0.042725484
Asian,Austria,0.028825748
Asian,Bangladesh,0.101154845
Asian,Belgium,0.035104058
Asian,Cajun_Creole,0.070865268
Asian,Canada,0.046949909
Asian,Caribbean,0.065640303
Asian,Central_South_American,0.065566892
Asian,Chinese,0.118547132
Asian,East_African,0.059788202
Asian,East_Asian,0.104485053
Asian,Eastern_Europe,0.043725627
Asian,Russian,0.041619329
Asian,Scottish,0.03340489
Asian,French,0.037429032
Asian,German,0.039823219
Asian,Greek,0.042711774
Asian,Indian,0.077050779
Asian,Indonesia,0.096609822
Asian,Iran,0.046448369
Asian,Irish,0.03583098
Asian,Israel,0.038186111
Asian,Italian,0.04255967
Asian,Japanese,0.092361184
Asian,Jewish,0.042732374
Asian,Korean,0.106370335
Asian,Lebanon,0.052077063
Asian,Malaysia,0.080831103
Asian,Mediterranean,0.046947281
Asian,Mexican,0.069727736
Asian,Middle_Eastern,0.052981784
Asian,Moroccan,0.059537585
Asian,Netherlands,0.031470738
Asian,North_African,0.062978156
Asian,Pakistan,0.100027719
Asian,Philippines,0.088658705
Asian,Portugal,0.045029404
Asian,Scandinavian,0.03276779
Asian,South_African,0.046213705
Asian,South_America,0.050113246
Asian,Southern_SoulFood,0.047421658
Asian,Southwestern,0.07512414
Asian,Spain,0.053093443
Asian,Spanish_Portuguese,0.055399682
Asian,Switzerland,0.030924055
Asian,Thai,0.107963194
Asian,Turkey,0.055243799
Asian,UK,0.03418043
Asian,Vietnamese,0.108366047
Asian,West_African,0.072411383
Asian,Western,0.04258943
Austria,African,0.058387322
Austria,American,0.123008184
Austria,Asian,0.028825748
Austria,Bangladesh,0.033084095
Austria,Belgium,0.189790085
Austria,Cajun_Creole,0.070526367
Austria,Canada,0.115460945
Austria,Caribbean,0.054136356
Austria,Central_South_American,0.065423565
Austria,Chinese,0.040459254
Austria,East_African,0.049955777
Austria,East_Asian,0.034958814
Austria,Eastern_Europe,0.153105724
Austria,Russian,0.140489643
Austria,Scottish,0.166426514
Austria,French,0.126758541
Austria,German,0.167075868
Austria,Greek,0.06001717
Austria,Indian,0.045358025
Austria,Indonesia,0.074310482
Austria,Iran,0.038788427
Austria,Irish,0.1390757
Austria,Israel,0.142330235
Austria,Italian,0.073628531
Austria,Japanese,0.043496651
Austria,Jewish,0.123182275
Austria,Korean,0.03197881
Austria,Lebanon,0.049115806
Austria,Malaysia,0.065136682
Austria,Mediterranean,0.051402065
Austria,Mexican,0.054275761
Austria,Middle_Eastern,0.062588671
Austria,Moroccan,0.052740155
Austria,Netherlands,0.24276253
Austria,North_African,0.062140136
Austria,Pakistan,0.035028503
Austria,Philippines,0.088731397
Austria,Portugal,0.115539209
Austria,Scandinavian,0.181547979
Austria,South_African,0.108824819
Austria,South_America,0.094203668
Austria,Southern_SoulFood,0.126175721
Austria,Southwestern,0.043838937
Austria,Spain,0.057066654
Austria,Spanish_Portuguese,0.061257768
Austria,Switzerland,0.175720101
Austria,Thai,0.021464747
Austria,Turkey,0.105629772
Austria,UK,0.167444993
Austria,Vietnamese,0.021916366
Austria,West_African,0.044768711
Austria,Western,0.140634925
Bangladesh,African,0.135167572
Bangladesh,American,0.063385639
Bangladesh,Asian,0.101154845
Bangladesh,Austria,0.033084095
Bangladesh,Belgium,0.060595572
Bangladesh,Cajun_Creole,0.132842656
Bangladesh,Canada,0.073866376
Bangladesh,Caribbean,0.118402782
Bangladesh,Central_South_American,0.136610694
Bangladesh,Chinese,0.095159381
Bangladesh,East_African,0.140487174
Bangladesh,East_Asian,0.10856044
Bangladesh,Eastern_Europe,0.077995641
Bangladesh,Russian,0.067918094
Bangladesh,Scottish,0.042212127
Bangladesh,French,0.051377417
Bangladesh,German,0.065164504
Bangladesh,Greek,0.061853944
Bangladesh,Indian,0.19383585
Bangladesh,Indonesia,0.136241533
Bangladesh,Iran,0.114672998
Bangladesh,Irish,0.053939697
Bangladesh,Israel,0.071620037
Bangladesh,Italian,0.063730634
Bangladesh,Japanese,0.065502994
Bangladesh,Jewish,0.073232159
Bangladesh,Korean,0.111003227
Bangladesh,Lebanon,0.095635955
Bangladesh,Malaysia,0.157428247
Bangladesh,Mediterranean,0.075573469
Bangladesh,Mexican,0.162498601
Bangladesh,Middle_Eastern,0.094619739
Bangladesh,Moroccan,0.124956953
Bangladesh,Netherlands,0.04417715
Bangladesh,North_African,0.139230733
Bangladesh,Pakistan,0.281263753
Bangladesh,Philippines,0.118071809
Bangladesh,Portugal,0.083740296
Bangladesh,Scandinavian,0.045470211
Bangladesh,South_African,0.128218046
Bangladesh,South_America,0.093877342
Bangladesh,Southern_SoulFood,0.071723755
Bangladesh,Southwestern,0.156390331
Bangladesh,Spain,0.09392891
Bangladesh,Spanish_Portuguese,0.093032954
Bangladesh,Switzerland,0.05332837
Bangladesh,Thai,0.131347739
Bangladesh,Turkey,0.104242551
Bangladesh,UK,0.05494325
Bangladesh,Vietnamese,0.128629139
Bangladesh,West_African,0.174012867
Bangladesh,Western,0.064599764
Belgium,African,0.073400496
Belgium,American,0.112609954
Belgium,Asian,0.035104058
Belgium,Austria,0.189790085
Belgium,Bangladesh,0.060595572
Belgium,Cajun_Creole,0.08684002
Belgium,Canada,0.11261705
Belgium,Caribbean,0.068949662
Belgium,Central_South_American,0.068001194
Belgium,Chinese,0.044618416
Belgium,East_African,0.065475743
Belgium,East_Asian,0.044578893
Belgium,Eastern_Europe,0.13524826
Belgium,Russian,0.126654626
Belgium,Scottish,0.145735212
Belgium,French,0.11238039
Belgium,German,0.153110677
Belgium,Greek,0.067873323
Belgium,Indian,0.053891864
Belgium,Indonesia,0.071575095
Belgium,Iran,0.051049854
Belgium,Irish,0.13393069
Belgium,Israel,0.127723111
Belgium,Italian,0.078462318
Belgium,Japanese,0.043007639
Belgium,Jewish,0.111841276
Belgium,Korean,0.042645254
Belgium,Lebanon,0.071052687
Belgium,Malaysia,0.067710545
Belgium,Mediterranean,0.060483721
Belgium,Mexican,0.062641954
Belgium,Middle_Eastern,0.076298689
Belgium,Moroccan,0.075477415
Belgium,Netherlands,0.229432045
Belgium,North_African,0.074902898
Belgium,Pakistan,0.055416653
Belgium,Philippines,0.093513072
Belgium,Portugal,0.108702478
Belgium,Scandinavian,0.155759464
Belgium,South_African,0.098052992
Belgium,South_America,0.083698342
Belgium,Southern_SoulFood,0.121622669
Belgium,Southwestern,0.055398011
Belgium,Spain,0.063575887
Belgium,Spanish_Portuguese,0.066078399
Belgium,Switzerland,0.15691359
Belgium,Thai,0.030465958
Belgium,Turkey,0.11034062
Belgium,UK,0.151257192
Belgium,Vietnamese,0.034502565
Belgium,West_African,0.058356145
Belgium,Western,0.124161705
Cajun_Creole,African,0.095780806
Cajun_Creole,American,0.075633985
Cajun_Creole,Asian,0.070865268
Cajun_Creole,Austria,0.070526367
Cajun_Creole,Bangladesh,0.132842656
Cajun_Creole,Belgium,0.08684002
Cajun_Creole,Canada,0.0794963
Cajun_Creole,Caribbean,0.097162789
Cajun_Creole,Central_South_American,0.105076227
Cajun_Creole,Chinese,0.07667419
Cajun_Creole,East_African,0.077174397
Cajun_Creole,East_Asian,0.078837323
Cajun_Creole,Eastern_Europe,0.088131748
Cajun_Creole,Russian,0.081949886
Cajun_Creole,Scottish,0.068845583
Cajun_Creole,French,0.0763825
Cajun_Creole,German,0.076009366
Cajun_Creole,Greek,0.083025865
Cajun_Creole,Indian,0.086587787
Cajun_Creole,Indonesia,0.102430038
Cajun_Creole,Iran,0.069577432
Cajun_Creole,Irish,0.069148144
Cajun_Creole,Israel,0.068791994
Cajun_Creole,Italian,0.086215901
Cajun_Creole,Japanese,0.058902635
Cajun_Creole,Jewish,0.074545679
Cajun_Creole,Korean,0.079349165
Cajun_Creole,Lebanon,0.085930939
Cajun_Creole,Malaysia,0.082875964
Cajun_Creole,Mediterranean,0.085605548
Cajun_Creole,Mexican,0.119114023
Cajun_Creole,Middle_Eastern,0.084344864
Cajun_Creole,Moroccan,0.088989538
Cajun_Creole,Netherlands,0.070785213
Cajun_Creole,North_African,0.098847271
Cajun_Creole,Pakistan,0.11727417
Cajun_Creole,Philippines,0.095985853
Cajun_Creole,Portugal,0.094602619
Cajun_Creole,Scandinavian,0.064529328
Cajun_Creole,South_African,0.074135546
Cajun_Creole,South_America,0.082224752
Cajun_Creole,Southern_SoulFood,0.093144637
Cajun_Creole,Southwestern,0.114701627
Cajun_Creole,Spain,0.103560929
Cajun_Creole,Spanish_Portuguese,0.099053533
Cajun_Creole,Switzerland,0.070168272
Cajun_Creole,Thai,0.07890726
Cajun_Creole,Turkey,0.111887273
Cajun_Creole,UK,0.072286089
Cajun_Creole,Vietnamese,0.084397121
Cajun_Creole,West_African,0.120859643
Cajun_Creole,Western,0.079770309
Canada,African,0.067857136
Canada,American,0.082449866
Canada,Asian,0.046949909
Canada,Austria,0.115460945
Canada,Bangladesh,0.073866376
Canada,Belgium,0.11261705
Canada,Cajun_Creole,0.0794963
Canada,Caribbean,0.068866712
Canada,Central_South_American,0.073051741
Canada,Chinese,0.054187729
Canada,East_African,0.059618766
Canada,East_Asian,0.049783438
Canada,Eastern_Europe,0.095627401
Canada,Russian,0.086773239
Canada,Scottish,0.091030728
Canada,French,0.079047951
Canada,German,0.095141586
Canada,Greek,0.062692018
Canada,Indian,0.062600286
Canada,Indonesia,0.074940805
Canada,Iran,0.05233646
Canada,Irish,0.083203673
Canada,Israel,0.082662386
Canada,Italian,0.070337212
Canada,Japanese,0.045001688
Canada,Jewish,0.078059452
Canada,Korean,0.048803937
Canada,Lebanon,0.065445475
Canada,Malaysia,0.071159129
Canada,Mediterranean,0.06041984
Canada,Mexican,0.075762956
Canada,Middle_Eastern,0.064836359
Canada,Moroccan,0.064788701
Canada,Netherlands,0.117234206
Canada,North_African,0.072248151
Canada,Pakistan,0.074812429
Canada,Philippines,0.081735934
Canada,Portugal,0.084538217
Canada,Scandinavian,0.091754256
Canada,South_African,0.077462042
Canada,South_America,0.074989602
Canada,Southern_SoulFood,0.085873248
Canada,Southwestern,0.069736473
Canada,Spain,0.068018811
Canada,Spanish_Portuguese,0.066735132
Canada,Switzerland,0.093578032
Canada,Thai,0.04859181
Canada,Turkey,0.093721134
Canada,UK,0.095147083
Canada,Vietnamese,0.049837461
Canada,West_African,0.072208727
Canada,Western,0.087581355
Caribbean,African,0.089483498
Caribbean,American,0.06436848
Caribbean,Asian,0.065640303
Caribbean,Austria,0.054136356
Caribbean,Bangladesh,0.118402782
Caribbean,Belgium,0.068949662
Caribbean,Cajun_Creole,0.097162789
Caribbean,Canada,0.068866712
Caribbean,Central_South_American,0.095275252
Caribbean,Chinese,0.068903919
Caribbean,East_African,0.074628091
Caribbean,East_Asian,0.064642681
Caribbean,Eastern_Europe,0.07300118
Caribbean,Russian,0.06472699
Caribbean,Scottish,0.052038817
Caribbean,French,0.059842928
Caribbean,German,0.063145315
Caribbean,Greek,0.073050205
Caribbean,Indian,0.087399624
Caribbean,Indonesia,0.08933752
Caribbean,Iran,0.070818327
Caribbean,Irish,0.052115069
Caribbean,Israel,0.060937751
Caribbean,Italian,0.073701619
Caribbean,Japanese,0.050036229
Caribbean,Jewish,0.065288828
Caribbean,Korean,0.064703368
Caribbean,Lebanon,0.082610646
Caribbean,Malaysia,0.088979608
Caribbean,Mediterranean,0.075959941
Caribbean,Mexican,0.105363912
Caribbean,Middle_Eastern,0.076688896
Caribbean,Moroccan,0.086731929
Caribbean,Netherlands,0.058536964
Caribbean,North_African,0.094360854
Caribbean,Pakistan,0.119716478
Caribbean,Philippines,0.090537305
Caribbean,Portugal,0.080030802
Caribbean,Scandinavian,0.050788238
Caribbean,South_African,0.070285881
Caribbean,South_America,0.078730794
Caribbean,Southern_SoulFood,0.068259413
Caribbean,Southwestern,0.103540364
Caribbean,Spain,0.091013393
Caribbean,Spanish_Portuguese,0.085435392
Caribbean,Switzerland,0.058286663
Caribbean,Thai,0.07924949
Caribbean,Turkey,0.099191904
Caribbean,UK,0.058084693
Caribbean,Vietnamese,0.080649212
Caribbean,West_African,0.105141669
Caribbean,Western,0.066358722
Central_South_American,African,0.100070734
Central_South_American,American,0.070294749
Central_South_American,Asian,0.065566892
Central_South_American,Austria,0.065423565
Central_South_American,Bangladesh,0.136610694
Central_South_American,Belgium,0.068001194
Central_South_American,Cajun_Creole,0.105076227
Central_South_American,Canada,0.073051741
Central_South_American,Caribbean,0.095275252
Central_South_American,Chinese,0.06655392
Central_South_American,East_African,0.079154466
Central_South_American,East_Asian,0.068672399
Central_South_American,Eastern_Europe,0.078286519
Central_South_American,Russian,0.074211198
Central_South_American,Scottish,0.063114157
Central_South_American,French,0.068169323
Central_South_American,German,0.066237997
Central_South_American,Greek,0.081572998
Central_South_American,Indian,0.095399294
Central_South_American,Indonesia,0.095160662
Central_South_American,Iran,0.076157165
Central_South_American,Irish,0.057409868
Central_South_American,Israel,0.066806351
Central_South_American,Italian,0.085021927
Central_South_American,Japanese,0.046138908
Central_South_American,Jewish,0.06793293
Central_South_American,Korean,0.069641021
Central_South_American,Lebanon,0.087501216
Central_South_American,Malaysia,0.084135034
Central_South_American,Mediterranean,0.087121088
Central_South_American,Mexican,0.138891441
Central_South_American,Middle_Eastern,0.086861111
Central_South_American,Moroccan,0.098453189
Central_South_American,Netherlands,0.065824432
Central_South_American,North_African,0.103089221
Central_South_American,Pakistan,0.130147107
Central_South_American,Philippines,0.085421354
Central_South_American,Portugal,0.087056682
Central_South_American,Scandinavian,0.057811309
Central_South_American,South_African,0.071114196
Central_South_American,South_America,0.08581275
Central_South_American,Southern_SoulFood,0.081424737
Central_South_American,Southwestern,0.139180965
Central_South_American,Spain,0.09584333
Central_South_American,Spanish_Portuguese,0.098148889
Central_South_American,Switzerland,0.064269012
Central_South_American,Thai,0.082100989
Central_South_American,Turkey,0.108163522
Central_South_American,UK,0.063558575
Central_South_American,Vietnamese,0.085027485
Central_South_American,West_African,0.11739774
Central_South_American,Western,0.073176059
Chinese,African,0.064660777
Chinese,American,0.049464222
Chinese,Asian,0.118547132
Chinese,Austria,0.040459254
Chinese,Bangladesh,0.095159381
Chinese,Belgium,0.044618416
Chinese,Cajun_Creole,0.07667419
Chinese,Canada,0.054187729
Chinese,Caribbean,0.068903919
Chinese,Central_South_American,0.06655392
Chinese,East_African,0.063028156
Chinese,East_Asian,0.122306358
Chinese,Eastern_Europe,0.054360049
Chinese,Russian,0.049026442
Chinese,Scottish,0.038944859
Chinese,French,0.042946873
Chinese,German,0.050669243
Chinese,Greek,0.04352521
Chinese,Indian,0.069632515
Chinese,Indonesia,0.108874836
Chinese,Iran,0.04602999
Chinese,Irish,0.042242528
Chinese,Israel,0.041918992
Chinese,Italian,0.046523764
Chinese,Japanese,0.099937407
Chinese,Jewish,0.051296127
Chinese,Korean,0.12279743
Chinese,Lebanon,0.052535662
Chinese,Malaysia,0.079114746
Chinese,Mediterranean,0.04633787
Chinese,Mexican,0.072218497
Chinese,Middle_Eastern,0.052220373
Chinese,Moroccan,0.055596226
Chinese,Netherlands,0.042338711
Chinese,North_African,0.064017226
Chinese,Pakistan,0.094933912
Chinese,Philippines,0.106810924
Chinese,Portugal,0.053925321
Chinese,Scandinavian,0.040369332
Chinese,South_African,0.044800322
Chinese,South_America,0.054869602
Chinese,Southern_SoulFood,0.055290893
Chinese,Southwestern,0.074717207
Chinese,Spain,0.05732131
Chinese,Spanish_Portuguese,0.057423347
Chinese,Switzerland,0.04092563
Chinese,Thai,0.098009484
Chinese,Turkey,0.061323993
Chinese,UK,0.042842787
Chinese,Vietnamese,0.09987011
Chinese,West_African,0.073041396
Chinese,Western,0.052585915
East_African,African,0.086332326
East_African,American,0.053456292
East_African,Asian,0.059788202
East_African,Austria,0.049955777
East_African,Bangladesh,0.140487174
East_African,Belgium,0.065475743
East_African,Cajun_Creole,0.077174397
East_African,Canada,0.059618766
East_African,Caribbean,0.074628091
East_African,Central_South_American,0.079154466
East_African,Chinese,0.063028156
East_African,East_Asian,0.062136503
East_African,Eastern_Europe,0.068604807
East_African,Russian,0.05703161
East_African,Scottish,0.044362016
East_African,French,0.048192334
East_African,German,0.061552223
East_African,Greek,0.058726736
East_African,Indian,0.096038487
East_African,Indonesia,0.081946634
East_African,Iran,0.073933028
East_African,Irish,0.050168992
East_African,Israel,0.061018285
East_African,Italian,0.056724821
East_African,Japanese,0.045735204
East_African,Jewish,0.059956718
East_African,Korean,0.063002861
East_African,Lebanon,0.076508781
East_African,Malaysia,0.093051568
East_African,Mediterranean,0.062680736
East_African,Mexican,0.090253048
East_African,Middle_Eastern,0.073473341
East_African,Moroccan,0.08778471
East_African,Netherlands,0.054341993
East_African,North_African,0.089802843
East_African,Pakistan,0.129209124
East_African,Philippines,0.079787557
East_African,Portugal,0.06769354
East_African,Scandinavian,0.051370362
East_African,South_African,0.076813866
East_African,South_America,0.06572475
East_African,Southern_SoulFood,0.055526606
East_African,Southwestern,0.086599331
East_African,Spain,0.071679235
East_African,Spanish_Portuguese,0.063618424
East_African,Switzerland,0.05698419
East_African,Thai,0.069869183
East_African,Turkey,0.095179484
East_African,UK,0.05792285
East_African,Vietnamese,0.065308666
East_African,West_African,0.106678447
East_African,Western,0.054540191
East_Asian,African,0.062830741
East_Asian,American,0.044702693
East_Asian,Asian,0.104485053
East_Asian,Austria,0.034958814
East_Asian,Bangladesh,0.10856044
East_Asian,Belgium,0.044578893
East_Asian,Cajun_Creole,0.078837323
East_Asian,Canada,0.049783438
East_Asian,Caribbean,0.064642681
East_Asian,Central_South_American,0.068672399
East_Asian,Chinese,0.122306358
East_Asian,East_African,0.062136503
East_Asian,Eastern_Europe,0.050621916
East_Asian,Russian,0.047120643
East_Asian,Scottish,0.034853285
East_Asian,French,0.039775173
East_Asian,German,0.044673836
East_Asian,Greek,0.044252218
East_Asian,Indian,0.064897045
East_Asian,Indonesia,0.101602926
East_Asian,Iran,0.044309478
East_Asian,Irish,0.038182648
East_Asian,Israel,0.046627753
East_Asian,Italian,0.046076256
East_Asian,Japanese,0.099174146
East_Asian,Jewish,0.048148539
East_Asian,Korean,0.153777177
East_Asian,Lebanon,0.055538938
East_Asian,Malaysia,0.067861414
East_Asian,Mediterranean,0.047724608
East_Asian,Mexican,0.078132623
East_Asian,Middle_Eastern,0.054224315
East_Asian,Moroccan,0.053383107
East_Asian,Netherlands,0.03752562
East_Asian,North_African,0.06360325
East_Asian,Pakistan,0.092199124
East_Asian,Philippines,0.098319315
East_Asian,Portugal,0.051009475
East_Asian,Scandinavian,0.03527539
East_Asian,South_African,0.043114266
East_Asian,South_America,0.051417481
East_Asian,Southern_SoulFood,0.053710906
East_Asian,Southwestern,0.078937297
East_Asian,Spain,0.054562884
East_Asian,Spanish_Portuguese,0.056748696
East_Asian,Switzerland,0.036859841
East_Asian,Thai,0.091136223
East_Asian,Turkey,0.061973336
East_Asian,UK,0.03797738
East_Asian,Vietnamese,0.10253012
East_Asian,West_African,0.076251922
East_Asian,Western,0.053163547
Eastern_Europe,African,0.071468862
Eastern_Europe,American,0.09655407
Eastern_Europe,Asian,0.043725627
Eastern_Europe,Austria,0.153105724
Eastern_Europe,Bangladesh,0.077995641
Eastern_Europe,Belgium,0.13524826
Eastern_Europe,Cajun_Creole,0.088131748
Eastern_Europe,Canada,0.095627401
Eastern_Europe,Caribbean,0.07300118
Eastern_Europe,Central_South_American,0.078286519
Eastern_Europe,Chinese,0.054360049
Eastern_Europe,East_African,0.068604807
Eastern_Europe,East_Asian,0.050621916
Eastern_Europe,Russian,0.112958462
Eastern_Europe,Scottish,0.113420237
Eastern_Europe,French,0.096087198
Eastern_Europe,German,0.123919317
Eastern_Europe,Greek,0.067003507
Eastern_Europe,Indian,0.062626939
Eastern_Europe,Indonesia,0.078118549
Eastern_Europe,Iran,0.060408649
Eastern_Europe,Irish,0.104784099
Eastern_Europe,Israel,0.102519858
Eastern_Europe,Italian,0.076762315
Eastern_Europe,Japanese,0.047879184
Eastern_Europe,Jewish,0.098028816
Eastern_Europe,Korean,0.048979863
Eastern_Europe,Lebanon,0.068166641
Eastern_Europe,Malaysia,0.073652438
Eastern_Europe,Mediterranean,0.06415465
Eastern_Europe,Mexican,0.080865779
Eastern_Europe,Middle_Eastern,0.068724225
Eastern_Europe,Moroccan,0.06678495
Eastern_Europe,Netherlands,0.148678722
Eastern_Europe,North_African,0.078980815
Eastern_Europe,Pakistan,0.076823729
Eastern_Europe,Philippines,0.096617847
Eastern_Europe,Portugal,0.108455577
Eastern_Europe,Scandinavian,0.11965664
Eastern_Europe,South_African,0.090506258
Eastern_Europe,South_America,0.086914041
Eastern_Europe,Southern_SoulFood,0.101863355
Eastern_Europe,Southwestern,0.070213172
Eastern_Europe,Spain,0.076722876
Eastern_Europe,Spanish_Portuguese,0.072835973
Eastern_Europe,Switzerland,0.124247451
Eastern_Europe,Thai,0.042022769
Eastern_Europe,Turkey,0.113619793
Eastern_Europe,UK,0.120839358
Eastern_Europe,Vietnamese,0.046935431
Eastern_Europe,West_African,0.078557225
Eastern_Europe,Western,0.109306702
Russian,African,0.071655768
Russian,American,0.088837208
Russian,Asian,0.041619329
Russian,Austria,0.140489643
Russian,Bangladesh,0.067918094
Russian,Belgium,0.126654626
Russian,Cajun_Creole,0.081949886
Russian,Canada,0.086773239
Russian,Caribbean,0.06472699
Russian,Central_South_American,0.074211198
Russian,Chinese,0.049026442
Russian,East_African,0.05703161
Russian,East_Asian,0.047120643
Russian,Eastern_Europe,0.112958462
Russian,Scottish,0.111723102
Russian,French,0.095749328
Russian,German,0.11220972
Russian,Greek,0.071706416
Russian,Indian,0.05861464
Russian,Indonesia,0.068666009
Russian,Iran,0.055791563
Russian,Irish,0.099340234
Russian,Israel,0.09657253
Russian,Italian,0.07603072
Russian,Japanese,0.044169632
Russian,Jewish,0.092930931
Russian,Korean,0.045459662
Russian,Lebanon,0.067610317
Russian,Malaysia,0.06366636
Russian,Mediterranean,0.067916189
Russian,Mexican,0.070902447
Russian,Middle_Eastern,0.070797324
Russian,Moroccan,0.069414473
Russian,Netherlands,0.137017295
Russian,North_African,0.073264351
Russian,Pakistan,0.07027075
Russian,Philippines,0.081491222
Russian,Portugal,0.093598935
Russian,Scandinavian,0.112904071
Russian,South_African,0.081783764
Russian,South_America,0.075925054
Russian,Southern_SoulFood,0.097074381
Russian,Southwestern,0.06661249
Russian,Spain,0.069306151
Russian,Spanish_Portuguese,0.072616328
Russian,Switzerland,0.115361458
Russian,Thai,0.039191169
Russian,Turkey,0.098582096
Russian,UK,0.108051265
Russian,Vietnamese,0.043520265
Russian,West_African,0.066442735
Russian,Western,0.101712711
Scottish,African,0.057530745
Scottish,American,0.095291921
Scottish,Asian,0.03340489
Scottish,Austria,0.166426514
Scottish,Bangladesh,0.042212127
Scottish,Belgium,0.145735212
Scottish,Cajun_Creole,0.068845583
Scottish,Canada,0.091030728
Scottish,Caribbean,0.052038817
Scottish,Central_South_American,0.063114157
Scottish,Chinese,0.038944859
Scottish,East_African,0.044362016
Scottish,East_Asian,0.034853285
Scottish,Eastern_Europe,0.113420237
Scottish,Russian,0.111723102
Scottish,French,0.101101171
Scottish,German,0.11982252
Scottish,Greek,0.059405006
Scottish,Indian,0.048023665
Scottish,Indonesia,0.061752105
Scottish,Iran,0.038388438
Scottish,Irish,0.114425736
Scottish,Israel,0.104850619
Scottish,Italian,0.068363423
Scottish,Japanese,0.038678491
Scottish,Jewish,0.091118011
Scottish,Korean,0.033034701
Scottish,Lebanon,0.055651454
Scottish,Malaysia,0.05940375
Scottish,Mediterranean,0.05483652
Scottish,Mexican,0.056421604
Scottish,Middle_Eastern,0.061295589
Scottish,Moroccan,0.056490393
Scottish,Netherlands,0.166618589
Scottish,North_African,0.058046533
Scottish,Pakistan,0.04385664
Scottish,Philippines,0.07108662
Scottish,Portugal,0.086764592
Scottish,Scandinavian,0.130159724
Scottish,South_African,0.080534087
Scottish,South_America,0.072199715
Scottish,Southern_SoulFood,0.107034779
Scottish,Southwestern,0.052742479
Scottish,Spain,0.051065891
Scottish,Spanish_Portuguese,0.059534116
Scottish,Switzerland,0.123811351
Scottish,Thai,0.030153851
Scottish,Turkey,0.08393989
Scottish,UK,0.124825236
Scottish,Vietnamese,0.03055143
Scottish,West_African,0.04525615
Scottish,Western,0.105986459
French,African,0.066608959
French,American,0.081529398
French,Asian,0.037429032
French,Austria,0.126758541
French,Bangladesh,0.051377417
French,Belgium,0.11238039
French,Cajun_Creole,0.0763825
French,Canada,0.079047951
French,Caribbean,0.059842928
French,Central_South_American,0.068169323
French,Chinese,0.042946873
French,East_African,0.048192334
French,East_Asian,0.039775173
French,Eastern_Europe,0.096087198
French,Russian,0.095749328
French,Scottish,0.101101171
French,German,0.096664654
French,Greek,0.0728569
French,Indian,0.050512261
French,Indonesia,0.064873429
French,Iran,0.047833989
French,Irish,0.088147836
French,Israel,0.085102531
French,Italian,0.079056989
French,Japanese,0.038265427
French,Jewish,0.08267665
French,Korean,0.038613074
French,Lebanon,0.069803864
French,Malaysia,0.058233145
French,Mediterranean,0.071774958
French,Mexican,0.063023694
French,Middle_Eastern,0.068584545
French,Moroccan,0.066009151
French,Netherlands,0.120456645
French,North_African,0.066928593
French,Pakistan,0.056720388
French,Philippines,0.073007944
French,Portugal,0.085620499
French,Scandinavian,0.099778146
French,South_African,0.069989506
French,South_America,0.070880296
French,Southern_SoulFood,0.088335504
French,Southwestern,0.060725148
French,Spain,0.067724034
French,Spanish_Portuguese,0.072801961
French,Switzerland,0.100908641
French,Thai,0.037860219
French,Turkey,0.088951543
French,UK,0.095913726
French,Vietnamese,0.041829144
French,West_African,0.057800102
French,Western,0.090920449
German,African,0.065541233
German,American,0.097075589
German,Asian,0.039823219
German,Austria,0.167075868
German,Bangladesh,0.065164504
German,Belgium,0.153110677
German,Cajun_Creole,0.076009366
German,Canada,0.095141586
German,Caribbean,0.063145315
German,Central_South_American,0.066237997
German,Chinese,0.050669243
German,East_African,0.061552223
German,East_Asian,0.044673836
German,Eastern_Europe,0.123919317
German,Russian,0.11220972
German,Scottish,0.11982252
German,French,0.096664654
German,Greek,0.061527931
German,Indian,0.054914879
German,Indonesia,0.069483156
German,Iran,0.049896958
German,Irish,0.108451118
German,Israel,0.1081732
German,Italian,0.067086652
German,Japanese,0.046509309
German,Jewish,0.101348963
German,Korean,0.042302258
German,Lebanon,0.05991568
German,Malaysia,0.067936026
German,Mediterranean,0.055630088
German,Mexican,0.063375359
German,Middle_Eastern,0.064252408
German,Moroccan,0.062800467
German,Netherlands,0.172904327
German,North_African,0.069307796
German,Pakistan,0.058465062
German,Philippines,0.086813667
German,Portugal,0.099544183
German,Scandinavian,0.129763082
German,South_African,0.090763527
German,South_America,0.081201139
German,Southern_SoulFood,0.102750716
German,Southwestern,0.055632833
German,Spain,0.065124591
German,Spanish_Portuguese,0.063045392
German,Switzerland,0.131838917
German,Thai,0.034178658
German,Turkey,0.09499793
German,UK,0.127252022
German,Vietnamese,0.036152045
German,West_African,0.060966507
German,Western,0.109228078
Greek,African,0.091148473
Greek,American,0.061649302
Greek,Asian,0.042711774
Greek,Austria,0.06001717
Greek,Bangladesh,0.061853944
Greek,Belgium,0.067873323
Greek,Cajun_Creole,0.083025865
Greek,Canada,0.062692018
Greek,Caribbean,0.073050205
Greek,Central_South_American,0.081572998
Greek,Chinese,0.04352521
Greek,East_African,0.058726736
Greek,East_Asian,0.044252218
Greek,Eastern_Europe,0.067003507
Greek,Russian,0.071706416
Greek,Scottish,0.059405006
Greek,French,0.0728569
Greek,German,0.061527931
Greek,Indian,0.059564109
Greek,Indonesia,0.066497563
Greek,Iran,0.070391238
Greek,Irish,0.0509524
Greek,Israel,0.065112891
Greek,Italian,0.100407008
Greek,Japanese,0.036993186
Greek,Jewish,0.072135065
Greek,Korean,0.044189829
Greek,Lebanon,0.11757223
Greek,Malaysia,0.056205933
Greek,Mediterranean,0.117406105
Greek,Mexican,0.07920458
Greek,Middle_Eastern,0.102615536
Greek,Moroccan,0.102201154
Greek,Netherlands,0.061372995
Greek,North_African,0.091368857
Greek,Pakistan,0.079242194
Greek,Philippines,0.066939271
Greek,Portugal,0.080465748
Greek,Scandinavian,0.05490315
Greek,South_African,0.050477201
Greek,South_America,0.067029555
Greek,Southern_SoulFood,0.064117381
Greek,Southwestern,0.082306896
Greek,Spain,0.095760459
Greek,Spanish_Portuguese,0.099091662
Greek,Switzerland,0.060076425
Greek,Thai,0.046547984
Greek,Turkey,0.105506717
Greek,UK,0.056568712
Greek,Vietnamese,0.053992018
Greek,West_African,0.077833184
Greek,Western,0.067323243
Indian,African,0.110940785
Indian,American,0.056290995
Indian,Asian,0.077050779
Indian,Austria,0.045358025
Indian,Bangladesh,0.19383585
Indian,Belgium,0.053891864
Indian,Cajun_Creole,0.086587787
Indian,Canada,0.062600286
Indian,Caribbean,0.087399624
Indian,Central_South_American,0.095399294
Indian,Chinese,0.069632515
Indian,East_African,0.096038487
Indian,East_Asian,0.064897045
Indian,Eastern_Europe,0.062626939
Indian,Russian,0.05861464
Indian,Scottish,0.048023665
Indian,French,0.050512261
Indian,German,0.054914879
Indian,Greek,0.059564109
Indian,Indonesia,0.090432076
Indian,Iran,0.08237392
Indian,Irish,0.048439207
Indian,Israel,0.063923323
Indian,Italian,0.056944764
Indian,Japanese,0.049070384
Indian,Jewish,0.059717305
Indian,Korean,0.065492792
Indian,Lebanon,0.078959277
Indian,Malaysia,0.124246927
Indian,Mediterranean,0.066724691
Indian,Mexican,0.106959922
Indian,Middle_Eastern,0.087303017
Indian,Moroccan,0.110496403
Indian,Netherlands,0.050479729
Indian,North_African,0.114103214
Indian,Pakistan,0.187475239
Indian,Philippines,0.077054835
Indian,Portugal,0.064720962
Indian,Scandinavian,0.048854672
Indian,South_African,0.096894436
Indian,South_America,0.074212477
Indian,Southern_SoulFood,0.061739331
Indian,Southwestern,0.109179553
Indian,Spain,0.075951307
Indian,Spanish_Portuguese,0.071644888
Indian,Switzerland,0.051880431
Indian,Thai,0.10705466
Indian,Turkey,0.091651143
Indian,UK,0.051358243
Indian,Vietnamese,0.085469157
Indian,West_African,0.117348146
Indian,Western,0.057064895
Indonesia,African,0.087107468
Indonesia,American,0.071383211
Indonesia,Asian,0.096609822
Indonesia,Austria,0.074310482
Indonesia,Bangladesh,0.136241533
Indonesia,Belgium,0.071575095
Indonesia,Cajun_Creole,0.102430038
Indonesia,Canada,0.074940805
Indonesia,Caribbean,0.08933752
Indonesia,Central_South_American,0.095160662
Indonesia,Chinese,0.108874836
Indonesia,East_African,0.081946634
Indonesia,East_Asian,0.101602926
Indonesia,Eastern_Europe,0.078118549
Indonesia,Russian,0.068666009
Indonesia,Scottish,0.061752105
Indonesia,French,0.064873429
Indonesia,German,0.069483156
Indonesia,Greek,0.066497563
Indonesia,Indian,0.090432076
Indonesia,Iran,0.061871422
Indonesia,Irish,0.059398428
Indonesia,Israel,0.069522552
Indonesia,Italian,0.067838676
Indonesia,Japanese,0.079129985
Indonesia,Jewish,0.069616141
Indonesia,Korean,0.102357493
Indonesia,Lebanon,0.078038882
Indonesia,Malaysia,0.098655092
Indonesia,Mediterranean,0.067956159
Indonesia,Mexican,0.107235682
Indonesia,Middle_Eastern,0.074378986
Indonesia,Moroccan,0.076670022
Indonesia,Netherlands,0.074616548
Indonesia,North_African,0.089418919
Indonesia,Pakistan,0.122884517
Indonesia,Philippines,0.116264722
Indonesia,Portugal,0.079004524
Indonesia,Scandinavian,0.061535038
Indonesia,South_African,0.071774648
Indonesia,South_America,0.081741489
Indonesia,Southern_SoulFood,0.079503994
Indonesia,Southwestern,0.101258483
Indonesia,Spain,0.07753819
Indonesia,Spanish_Portuguese,0.077117614
Indonesia,Switzerland,0.064363227
Indonesia,Thai,0.100837799
Indonesia,Turkey,0.095654216
Indonesia,UK,0.066741608
Indonesia,Vietnamese,0.098613548
Indonesia,West_African,0.116987998
Indonesia,Western,0.076723737
Iran,African,0.078066991
Iran,American,0.048490734
Iran,Asian,0.046448369
Iran,Austria,0.038788427
Iran,Bangladesh,0.114672998
Iran,Belgium,0.051049854
Iran,Cajun_Creole,0.069577432
Iran,Canada,0.05233646
Iran,Caribbean,0.070818327
Iran,Central_South_American,0.076157165
Iran,Chinese,0.04602999
Iran,East_African,0.073933028
Iran,East_Asian,0.044309478
Iran,Eastern_Europe,0.060408649
Iran,Russian,0.055791563
Iran,Scottish,0.038388438
Iran,French,0.047833989
Iran,German,0.049896958
Iran,Greek,0.070391238
Iran,Indian,0.08237392
Iran,Indonesia,0.061871422
Iran,Irish,0.039487557
Iran,Israel,0.051065893
Iran,Italian,0.061968023
Iran,Japanese,0.035775361
Iran,Jewish,0.056711274
Iran,Korean,0.044011898
Iran,Lebanon,0.080521788
Iran,Malaysia,0.068671507
Iran,Mediterranean,0.069585326
Iran,Mexican,0.082847381
Iran,Middle_Eastern,0.073831115
Iran,Moroccan,0.077600497
Iran,Netherlands,0.036895965
Iran,North_African,0.085466175
Iran,Pakistan,0.118959535
Iran,Philippines,0.068667723
Iran,Portugal,0.061005838
Iran,Scandinavian,0.041861127
Iran,South_African,0.066171462
Iran,South_America,0.060273626
Iran,Southern_SoulFood,0.046153249
Iran,Southwestern,0.078780174
Iran,Spain,0.074974122
Iran,Spanish_Portuguese,0.06799787
Iran,Switzerland,0.042841584
Iran,Thai,0.05914773
Iran,Turkey,0.103510819
Iran,UK,0.04451991
Iran,Vietnamese,0.065316558
Iran,West_African,0.087707019
Iran,Western,0.052427417
Irish,African,0.054234652
Irish,American,0.085252645
Irish,Asian,0.03583098
Irish,Austria,0.1390757
Irish,Bangladesh,0.053939697
Irish,Belgium,0.13393069
Irish,Cajun_Creole,0.069148144
Irish,Canada,0.083203673
Irish,Caribbean,0.052115069
Irish,Central_South_American,0.057409868
Irish,Chinese,0.042242528
Irish,East_African,0.050168992
Irish,East_Asian,0.038182648
Irish,Eastern_Europe,0.104784099
Irish,Russian,0.099340234
Irish,Scottish,0.114425736
Irish,French,0.088147836
Irish,German,0.108451118
Irish,Greek,0.0509524
Irish,Indian,0.048439207
Irish,Indonesia,0.059398428
Irish,Iran,0.039487557
Irish,Israel,0.089184177
Irish,Italian,0.059575404
Irish,Japanese,0.040215915
Irish,Jewish,0.083732217
Irish,Korean,0.036605113
Irish,Lebanon,0.050370603
Irish,Malaysia,0.057861193
Irish,Mediterranean,0.048568473
Irish,Mexican,0.054174906
Irish,Middle_Eastern,0.054506727
Irish,Moroccan,0.051455949
Irish,Netherlands,0.140967483
Irish,North_African,0.057010521
Irish,Pakistan,0.04933469
Irish,Philippines,0.071684864
Irish,Portugal,0.081434937
Irish,Scandinavian,0.113105501
Irish,South_African,0.074538257
Irish,South_America,0.066635441
Irish,Southern_SoulFood,0.096043022
Irish,Southwestern,0.050317627
Irish,Spain,0.05115627
Irish,Spanish_Portuguese,0.053285105
Irish,Switzerland,0.109946195
Irish,Thai,0.031670305
Irish,Turkey,0.080229452
Irish,UK,0.114985156
Irish,Vietnamese,0.034259077
Irish,West_African,0.051076873
Irish,Western,0.09341903
Israel,African,0.074763184
Israel,American,0.084384636
Israel,Asian,0.038186111
Israel,Austria,0.142330235
Israel,Bangladesh,0.071620037
Israel,Belgium,0.127723111
Israel,Cajun_Creole,0.068791994
Israel,Canada,0.082662386
Israel,Caribbean,0.060937751
Israel,Central_South_American,0.066806351
Israel,Chinese,0.041918992
Israel,East_African,0.061018285
Israel,East_Asian,0.046627753
Israel,Eastern_Europe,0.102519858
Israel,Russian,0.09657253
Israel,Scottish,0.104850619
Israel,French,0.085102531
Israel,German,0.1081732
Israel,Greek,0.065112891
Israel,Indian,0.063923323
Israel,Indonesia,0.069522552
Israel,Iran,0.051065893
Israel,Irish,0.089184177
Israel,Italian,0.067633581
Israel,Japanese,0.039690938
Israel,Jewish,0.095693544
Israel,Korean,0.046307852
Israel,Lebanon,0.074029761
Israel,Malaysia,0.070448782
Israel,Mediterranean,0.063330301
Israel,Mexican,0.062947894
Israel,Middle_Eastern,0.0799975
Israel,Moroccan,0.081720216
Israel,Netherlands,0.157101298
Israel,North_African,0.080058447
Israel,Pakistan,0.067940403
Israel,Philippines,0.076659642
Israel,Portugal,0.083526777
Israel,Scandinavian,0.111256437
Israel,South_African,0.077236358
Israel,South_America,0.073049593
Israel,Southern_SoulFood,0.090687242
Israel,Southwestern,0.061205033
Israel,Spain,0.057308078
Israel,Spanish_Portuguese,0.061579801
Israel,Switzerland,0.110945761
Israel,Thai,0.043338555
Israel,Turkey,0.09122099
Israel,UK,0.106714172
Israel,Vietnamese,0.038279348
Israel,West_African,0.067729304
Israel,Western,0.096893522
Italian,African,0.083417476
Italian,American,0.069481117
Italian,Asian,0.04255967
Italian,Austria,0.073628531
Italian,Bangladesh,0.063730634
Italian,Belgium,0.078462318
Italian,Cajun_Creole,0.086215901
Italian,Canada,0.070337212
Italian,Caribbean,0.073701619
Italian,Central_South_American,0.085021927
Italian,Chinese,0.046523764
Italian,East_African,0.056724821
Italian,East_Asian,0.046076256
Italian,Eastern_Europe,0.076762315
Italian,Russian,0.07603072
Italian,Scottish,0.068363423
Italian,French,0.079056989
Italian,German,0.067086652
Italian,Greek,0.100407008
Italian,Indian,0.056944764
Italian,Indonesia,0.067838676
Italian,Iran,0.061968023
Italian,Irish,0.059575404
Italian,Israel,0.067633581
Italian,Japanese,0.035728038
Italian,Jewish,0.070763305
Italian,Korean,0.046216635
Italian,Lebanon,0.095776613
Italian,Malaysia,0.059879586
Italian,Mediterranean,0.104020193
Italian,Mexican,0.086377553
Italian,Middle_Eastern,0.086387543
Italian,Moroccan,0.087469944
Italian,Netherlands,0.071789786
Italian,North_African,0.086831661
Italian,Pakistan,0.077187002
Italian,Philippines,0.07289913
Italian,Portugal,0.087668955
Italian,Scandinavian,0.061616953
Italian,South_African,0.052206172
Italian,South_America,0.070909639
Italian,Southern_SoulFood,0.073293551
Italian,Southwestern,0.083947836
Italian,Spain,0.092141623
Italian,Spanish_Portuguese,0.0957815
Italian,Switzerland,0.070880184
Italian,Thai,0.049358064
Italian,Turkey,0.107226583
Italian,UK,0.065377296
Italian,Vietnamese,0.057241673
Italian,West_African,0.081604681
Italian,Western,0.075420703
Japanese,African,0.045767744
Japanese,American,0.042301969
Japanese,Asian,0.092361184
Japanese,Austria,0.043496651
Japanese,Bangladesh,0.065502994
Japanese,Belgium,0.043007639
Japanese,Cajun_Creole,0.058902635
Japanese,Canada,0.045001688
Japanese,Caribbean,0.050036229
Japanese,Central_South_American,0.046138908
Japanese,Chinese,0.099937407
Japanese,East_African,0.045735204
Japanese,East_Asian,0.099174146
Japanese,Eastern_Europe,0.047879184
Japanese,Russian,0.044169632
Japanese,Scottish,0.038678491
Japanese,French,0.038265427
Japanese,German,0.046509309
Japanese,Greek,0.036993186
Japanese,Indian,0.049070384
Japanese,Indonesia,0.079129985
Japanese,Iran,0.035775361
Japanese,Irish,0.040215915
Japanese,Israel,0.039690938
Japanese,Italian,0.035728038
Japanese,Jewish,0.044667339
Japanese,Korean,0.097693403
Japanese,Lebanon,0.039177588
Japanese,Malaysia,0.056188713
Japanese,Mediterranean,0.03769435
Japanese,Mexican,0.04764836
Japanese,Middle_Eastern,0.040364234
Japanese,Moroccan,0.039294646
Japanese,Netherlands,0.042776715
Japanese,North_African,0.045666714
Japanese,Pakistan,0.064242573
Japanese,Philippines,0.084878486
Japanese,Portugal,0.043721797
Japanese,Scandinavian,0.040551929
Japanese,South_African,0.043227721
Japanese,South_America,0.043180042
Japanese,Southern_SoulFood,0.045133818
Japanese,Southwestern,0.04773474
Japanese,Spain,0.043972219
Japanese,Spanish_Portuguese,0.044646744
Japanese,Switzerland,0.036238486
Japanese,Thai,0.073406502
Japanese,Turkey,0.048153772
Japanese,UK,0.040991314
Japanese,Vietnamese,0.080154453
Japanese,West_African,0.052499004
Japanese,Western,0.048743948
Jewish,African,0.075715741
Jewish,American,0.079554751
Jewish,Asian,0.042732374
Jewish,Austria,0.123182275
Jewish,Bangladesh,0.073232159
Jewish,Belgium,0.111841276
Jewish,Cajun_Creole,0.074545679
Jewish,Canada,0.078059452
Jewish,Caribbean,0.065288828
Jewish,Central_South_American,0.06793293
Jewish,Chinese,0.051296127
Jewish,East_African,0.059956718
Jewish,East_Asian,0.048148539
Jewish,Eastern_Europe,0.098028816
Jewish,Russian,0.092930931
Jewish,Scottish,0.091118011
Jewish,French,0.08267665
Jewish,German,0.101348963
Jewish,Greek,0.072135065
Jewish,Indian,0.059717305
Jewish,Indonesia,0.069616141
Jewish,Iran,0.056711274
Jewish,Irish,0.083732217
Jewish,Israel,0.095693544
Jewish,Italian,0.070763305
Jewish,Japanese,0.044667339
Jewish,Korean,0.046500128
Jewish,Lebanon,0.073446495
Jewish,Malaysia,0.067207311
Jewish,Mediterranean,0.070269286
Jewish,Mexican,0.065817356
Jewish,Middle_Eastern,0.073998632
Jewish,Moroccan,0.077598859
Jewish,Netherlands,0.126907499
Jewish,North_African,0.078959425
Jewish,Pakistan,0.069519223
Jewish,Philippines,0.07724872
Jewish,Portugal,0.084178725
Jewish,Scandinavian,0.097286118
Jewish,South_African,0.071934546
Jewish,South_America,0.073598873
Jewish,Southern_SoulFood,0.081562389
Jewish,Southwestern,0.063823343
Jewish,Spain,0.0713413
Jewish,Spanish_Portuguese,0.06946257
Jewish,Switzerland,0.099061507
Jewish,Thai,0.043473583
Jewish,Turkey,0.090925822
Jewish,UK,0.093315604
Jewish,Vietnamese,0.045320304
Jewish,West_African,0.069276854
Jewish,Western,0.089141346
Korean,African,0.063364466
Korean,American,0.043594465
Korean,Asian,0.106370335
Korean,Austria,0.03197881
Korean,Bangladesh,0.111003227
Korean,Belgium,0.042645254
Korean,Cajun_Creole,0.079349165
Korean,Canada,0.048803937
Korean,Caribbean,0.064703368
Korean,Central_South_American,0.069641021
Korean,Chinese,0.12279743
Korean,East_African,0.063002861
Korean,East_Asian,0.153777177
Korean,Eastern_Europe,0.048979863
Korean,Russian,0.045459662
Korean,Scottish,0.033034701
Korean,French,0.038613074
Korean,German,0.042302258
Korean,Greek,0.044189829
Korean,Indian,0.065492792
Korean,Indonesia,0.102357493
Korean,Iran,0.044011898
Korean,Irish,0.036605113
Korean,Israel,0.046307852
Korean,Italian,0.046216635
Korean,Japanese,0.097693403
Korean,Jewish,0.046500128
Korean,Lebanon,0.056728938
Korean,Malaysia,0.067665882
Korean,Mediterranean,0.048198789
Korean,Mexican,0.079729482
Korean,Middle_Eastern,0.055093933
Korean,Moroccan,0.053895673
Korean,Netherlands,0.034973512
Korean,North_African,0.06393896
Korean,Pakistan,0.09348808
Korean,Philippines,0.09744001
Korean,Portugal,0.049797494
Korean,Scandinavian,0.032963657
Korean,South_African,0.041862798
Korean,South_America,0.050711893
Korean,Southern_SoulFood,0.052850562
Korean,Southwestern,0.080683226
Korean,Spain,0.053906203
Korean,Spanish_Portuguese,0.056680539
Korean,Switzerland,0.035388734
Korean,Thai,0.093665701
Korean,Turkey,0.06219549
Korean,UK,0.036143331
Korean,Vietnamese,0.106130654
Korean,West_African,0.076920085
Korean,Western,0.050996251
Lebanon,African,0.104622283
Lebanon,American,0.062749393
Lebanon,Asian,0.052077063
Lebanon,Austria,0.049115806
Lebanon,Bangladesh,0.095635955
Lebanon,Belgium,0.071052687
Lebanon,Cajun_Creole,0.085930939
Lebanon,Canada,0.065445475
Lebanon,Caribbean,0.082610646
Lebanon,Central_South_American,0.087501216
Lebanon,Chinese,0.052535662
Lebanon,East_African,0.076508781
Lebanon,East_Asian,0.055538938
Lebanon,Eastern_Europe,0.068166641
Lebanon,Russian,0.067610317
Lebanon,Scottish,0.055651454
Lebanon,French,0.069803864
Lebanon,German,0.05991568
Lebanon,Greek,0.11757223
Lebanon,Indian,0.078959277
Lebanon,Indonesia,0.078038882
Lebanon,Iran,0.080521788
Lebanon,Irish,0.050370603
Lebanon,Israel,0.074029761
Lebanon,Italian,0.095776613
Lebanon,Japanese,0.039177588
Lebanon,Jewish,0.073446495
Lebanon,Korean,0.056728938
Lebanon,Malaysia,0.073396705
Lebanon,Mediterranean,0.116996308
Lebanon,Mexican,0.08676729
Lebanon,Middle_Eastern,0.120664124
Lebanon,Moroccan,0.117356707
Lebanon,Netherlands,0.056326387
Lebanon,North_African,0.106950736
Lebanon,Pakistan,0.107873842
Lebanon,Philippines,0.080620492
Lebanon,Portugal,0.082332334
Lebanon,Scandinavian,0.04976873
Lebanon,South_African,0.052101795
Lebanon,South_America,0.074263636
Lebanon,Southern_SoulFood,0.06373083
Lebanon,Southwestern,0.090812687
Lebanon,Spain,0.094297958
Lebanon,Spanish_Portuguese,0.098872647
Lebanon,Switzerland,0.055285014
Lebanon,Thai,0.059704597
Lebanon,Turkey,0.10913362
Lebanon,UK,0.054728371
Lebanon,Vietnamese,0.067934037
Lebanon,West_African,0.085391461
Lebanon,Western,0.066878257
Malaysia,African,0.093532118
Malaysia,American,0.066189575
Malaysia,Asian,0.080831103
Malaysia,Austria,0.065136682
Malaysia,Bangladesh,0.157428247
Malaysia,Belgium,0.067710545
Malaysia,Cajun_Creole,0.082875964
Malaysia,Canada,0.071159129
Malaysia,Caribbean,0.088979608
Malaysia,Central_South_American,0.084135034
Malaysia,Chinese,0.079114746
Malaysia,East_African,0.093051568
Malaysia,East_Asian,0.067861414
Malaysia,Eastern_Europe,0.073652438
Malaysia,Russian,0.06366636
Malaysia,Scottish,0.05940375
Malaysia,French,0.058233145
Malaysia,German,0.067936026
Malaysia,Greek,0.056205933
Malaysia,Indian,0.124246927
Malaysia,Indonesia,0.098655092
Malaysia,Iran,0.068671507
Malaysia,Irish,0.057861193
Malaysia,Israel,0.070448782
Malaysia,Italian,0.059879586
Malaysia,Japanese,0.056188713
Malaysia,Jewish,0.067207311
Malaysia,Korean,0.067665882
Malaysia,Lebanon,0.073396705
Malaysia,Mediterranean,0.062521308
Malaysia,Mexican,0.091959918
Malaysia,Middle_Eastern,0.074004219
Malaysia,Moroccan,0.090743177
Malaysia,Netherlands,0.06731754
Malaysia,North_African,0.098369684
Malaysia,Pakistan,0.142129451
Malaysia,Philippines,0.09102564
Malaysia,Portugal,0.071282085
Malaysia,Scandinavian,0.060013645
Malaysia,South_African,0.099021782
Malaysia,South_America,0.078886331
Malaysia,Southern_SoulFood,0.064858798
Malaysia,Southwestern,0.089621967
Malaysia,Spain,0.077361893
Malaysia,Spanish_Portuguese,0.070436213
Malaysia,Switzerland,0.060841756
Malaysia,Thai,0.11330818
Malaysia,Turkey,0.092268671
Malaysia,UK,0.064676815
Malaysia,Vietnamese,0.085346392
Malaysia,West_African,0.115963228
Malaysia,Western,0.063038427
Mediterranean,African,0.098232377
Mediterranean,American,0.059092271
Mediterranean,Asian,0.046947281
Mediterranean,Austria,0.051402065
Mediterranean,Bangladesh,0.075573469
Mediterranean,Belgium,0.060483721
Mediterranean,Cajun_Creole,0.085605548
Mediterranean,Canada,0.06041984
Mediterranean,Caribbean,0.075959941
Mediterranean,Central_South_American,0.087121088
Mediterranean,Chinese,0.04633787
Mediterranean,East_African,0.062680736
Mediterranean,East_Asian,0.047724608
Mediterranean,Eastern_Europe,0.06415465
Mediterranean,Russian,0.067916189
Mediterranean,Scottish,0.05483652
Mediterranean,French,0.071774958
Mediterranean,German,0.055630088
Mediterranean,Greek,0.117406105
Mediterranean,Indian,0.066724691
Mediterranean,Indonesia,0.067956159
Mediterranean,Iran,0.069585326
Mediterranean,Irish,0.048568473
Mediterranean,Israel,0.063330301
Mediterranean,Italian,0.104020193
Mediterranean,Japanese,0.03769435
Mediterranean,Jewish,0.070269286
Mediterranean,Korean,0.048198789
Mediterranean,Lebanon,0.116996308
Mediterranean,Malaysia,0.062521308
Mediterranean,Mexican,0.086069102
Mediterranean,Middle_Eastern,0.103276951
Mediterranean,Moroccan,0.109861881
Mediterranean,Netherlands,0.052668159
Mediterranean,North_African,0.098208058
Mediterranean,Pakistan,0.089869278
Mediterranean,Philippines,0.066998078
Mediterranean,Portugal,0.083613005
Mediterranean,Scandinavian,0.048197394
Mediterranean,South_African,0.049190898
Mediterranean,South_America,0.069373234
Mediterranean,Southern_SoulFood,0.061795434
Mediterranean,Southwestern,0.090202113
Mediterranean,Spain,0.101758535
Mediterranean,Spanish_Portuguese,0.105263769
Mediterranean,Switzerland,0.053589965
Mediterranean,Thai,0.05596198
Mediterranean,Turkey,0.107374808
Mediterranean,UK,0.051927759
Mediterranean,Vietnamese,0.061896385
Mediterranean,West_African,0.0892151
Mediterranean,Western,0.063127552
Mexican,African,0.104931907
Mexican,American,0.070780174
Mexican,Asian,0.069727736
Mexican,Austria,0.054275761
Mexican,Bangladesh,0.162498601
Mexican,Belgium,0.062641954
Mexican,Cajun_Creole,0.119114023
Mexican,Canada,0.075762956
Mexican,Caribbean,0.105363912
Mexican,Central_South_American,0.138891441
Mexican,Chinese,0.072218497
Mexican,East_African,0.090253048
Mexican,East_Asian,0.078132623
Mexican,Eastern_Europe,0.080865779
Mexican,Russian,0.070902447
Mexican,Scottish,0.056421604
Mexican,French,0.063023694
Mexican,German,0.063375359
Mexican,Greek,0.07920458
Mexican,Indian,0.106959922
Mexican,Indonesia,0.107235682
Mexican,Iran,0.082847381
Mexican,Irish,0.054174906
Mexican,Israel,0.062947894
Mexican,Italian,0.086377553
Mexican,Japanese,0.04764836
Mexican,Jewish,0.065817356
Mexican,Korean,0.079729482
Mexican,Lebanon,0.08676729
Mexican,Malaysia,0.091959918
Mexican,Mediterranean,0.086069102
Mexican,Middle_Eastern,0.087519386
Mexican,Moroccan,0.100219842
Mexican,Netherlands,0.05684712
Mexican,North_African,0.113855115
Mexican,Pakistan,0.151131992
Mexican,Philippines,0.092133084
Mexican,Portugal,0.090215227
Mexican,Scandinavian,0.050158686
Mexican,South_African,0.072436019
Mexican,South_America,0.090412432
Mexican,Southern_SoulFood,0.083346717
Mexican,Southwestern,0.158176831
Mexican,Spain,0.103747622
Mexican,Spanish_Portuguese,0.099058731
Mexican,Switzerland,0.060494195
Mexican,Thai,0.090574127
Mexican,Turkey,0.119914365
Mexican,UK,0.060814886
Mexican,Vietnamese,0.094269925
Mexican,West_African,0.141354551
Mexican,Western,0.071994307
Middle_Eastern,African,0.107241674
Middle_Eastern,American,0.06244289
Middle_Eastern,Asian,0.052981784
Middle_Eastern,Austria,0.062588671
Middle_Eastern,Bangladesh,0.094619739
Middle_Eastern,Belgium,0.076298689
Middle_Eastern,Cajun_Creole,0.084344864
Middle_Eastern,Canada,0.064836359
Middle_Eastern,Caribbean,0.076688896
Middle_Eastern,Central_South_American,0.086861111
Middle_Eastern,Chinese,0.052220373
Middle_Eastern,East_African,0.073473341
Middle_Eastern,East_Asian,0.054224315
Middle_Eastern,Eastern_Europe,0.068724225
Middle_Eastern,Russian,0.070797324
Middle_Eastern,Scottish,0.061295589
Middle_Eastern,French,0.068584545
Middle_Eastern,German,0.064252408
Middle_Eastern,Greek,0.102615536
Middle_Eastern,Indian,0.087303017
Middle_Eastern,Indonesia,0.074378986
Middle_Eastern,Iran,0.073831115
Middle_Eastern,Irish,0.054506727
Middle_Eastern,Israel,0.0799975
Middle_Eastern,Italian,0.086387543
Middle_Eastern,Japanese,0.040364234
Middle_Eastern,Jewish,0.073998632
Middle_Eastern,Korean,0.055093933
Middle_Eastern,Lebanon,0.120664124
Middle_Eastern,Malaysia,0.074004219
Middle_Eastern,Mediterranean,0.103276951
Middle_Eastern,Mexican,0.087519386
Middle_Eastern,Moroccan,0.120597181
Middle_Eastern,Netherlands,0.071057806
Middle_Eastern,North_African,0.108273368
Middle_Eastern,Pakistan,0.112130152
Middle_Eastern,Philippines,0.070522321
Middle_Eastern,Portugal,0.07723704
Middle_Eastern,Scandinavian,0.058639144
Middle_Eastern,South_African,0.06260652
Middle_Eastern,South_America,0.070537996
Middle_Eastern,Southern_SoulFood,0.068100441
Middle_Eastern,Southwestern,0.093318011
Middle_Eastern,Spain,0.088482618
Middle_Eastern,Spanish_Portuguese,0.09071197
Middle_Eastern,Switzerland,0.06240675
Middle_Eastern,Thai,0.064460638
Middle_Eastern,Turkey,0.105164469
Middle_Eastern,UK,0.060441467
Middle_Eastern,Vietnamese,0.06313355
Middle_Eastern,West_African,0.089806829
Middle_Eastern,Western,0.067697254
Moroccan,African,0.134610206
Moroccan,American,0.060845557
Moroccan,Asian,0.059537585
Moroccan,Austria,0.052740155
Moroccan,Bangladesh,0.124956953
Moroccan,Belgium,0.075477415
Moroccan,Cajun_Creole,0.088989538
Moroccan,Canada,0.064788701
Moroccan,Caribbean,0.086731929
Moroccan,Central_South_American,0.098453189
Moroccan,Chinese,0.055596226
Moroccan,East_African,0.08778471
Moroccan,East_Asian,0.053383107
Moroccan,Eastern_Europe,0.06678495
Moroccan,Russian,0.069414473
Moroccan,Scottish,0.056490393
Moroccan,French,0.066009151
Moroccan,German,0.062800467
Moroccan,Greek,0.102201154
Moroccan,Indian,0.110496403
Moroccan,Indonesia,0.076670022
Moroccan,Iran,0.077600497
Moroccan,Irish,0.051455949
Moroccan,Israel,0.081720216
Moroccan,Italian,0.087469944
Moroccan,Japanese,0.039294646
Moroccan,Jewish,0.077598859
Moroccan,Korean,0.053895673
Moroccan,Lebanon,0.117356707
Moroccan,Malaysia,0.090743177
Moroccan,Mediterranean,0.109861881
Moroccan,Mexican,0.100219842
Moroccan,Middle_Eastern,0.120597181
Moroccan,Netherlands,0.068012421
Moroccan,North_African,0.131892173
Moroccan,Pakistan,0.141915106
Moroccan,Philippines,0.069477921
Moroccan,Portugal,0.078087671
Moroccan,Scandinavian,0.054867653
Moroccan,South_African,0.071405841
Moroccan,South_America,0.076091818
Moroccan,Southern_SoulFood,0.065938162
Moroccan,Southwestern,0.110867183
Moroccan,Spain,0.100771855
Moroccan,Spanish_Portuguese,0.099809402
Moroccan,Switzerland,0.060050674
Moroccan,Thai,0.080316765
Moroccan,Turkey,0.105348498
Moroccan,UK,0.057489261
Moroccan,Vietnamese,0.071257734
Moroccan,West_African,0.111785441
Moroccan,Western,0.06264368
Netherlands,African,0.065828033
Netherlands,American,0.12220318
Netherlands,Asian,0.031470738
Netherlands,Austria,0.24276253
Netherlands,Bangladesh,0.04417715
Netherlands,Belgium,0.229432045
Netherlands,Cajun_Creole,0.070785213
Netherlands,Canada,0.117234206
Netherlands,Caribbean,0.058536964
Netherlands,Central_South_American,0.065824432
Netherlands,Chinese,0.042338711
Netherlands,East_African,0.054341993
Netherlands,East_Asian,0.03752562
Netherlands,Eastern_Europe,0.148678722
Netherlands,Russian,0.137017295
Netherlands,Scottish,0.166618589
Netherlands,French,0.120456645
Netherlands,German,0.172904327
Netherlands,Greek,0.061372995
Netherlands,Indian,0.050479729
Netherlands,Indonesia,0.074616548
Netherlands,Iran,0.036895965
Netherlands,Irish,0.140967483
Netherlands,Israel,0.157101298
Netherlands,Italian,0.071789786
Netherlands,Japanese,0.042776715
Netherlands,Jewish,0.126907499
Netherlands,Korean,0.034973512
Netherlands,Lebanon,0.056326387
Netherlands,Malaysia,0.06731754
Netherlands,Mediterranean,0.052668159
Netherlands,Mexican,0.05684712
Netherlands,Middle_Eastern,0.071057806
Netherlands,Moroccan,0.068012421
Netherlands,North_African,0.068567155
Netherlands,Pakistan,0.042244778
Netherlands,Philippines,0.083135195
Netherlands,Portugal,0.114675844
Netherlands,Scandinavian,0.191948534
Netherlands,South_African,0.099176402
Netherlands,South_America,0.088461592
Netherlands,Southern_SoulFood,0.132363266
Netherlands,Southwestern,0.047436185
Netherlands,Spain,0.055639063
Netherlands,Spanish_Portuguese,0.058207965
Netherlands,Switzerland,0.182326016
Netherlands,Thai,0.024980046
Netherlands,Turkey,0.10662764
Netherlands,UK,0.173917878
Netherlands,Vietnamese,0.022660451
Netherlands,West_African,0.051227783
Netherlands,Western,0.137640858
North_African,African,0.122950559
North_African,American,0.067330769
North_African,Asian,0.062978156
North_African,Austria,0.062140136
North_African,Bangladesh,0.139230733
North_African,Belgium,0.074902898
North_African,Cajun_Creole,0.098847271
North_African,Canada,0.072248151
North_African,Caribbean,0.094360854
North_African,Central_South_American,0.103089221
North_African,Chinese,0.064017226
North_African,East_African,0.089802843
North_African,East_Asian,0.06360325
North_African,Eastern_Europe,0.078980815
North_African,Russian,0.073264351
North_African,Scottish,0.058046533
North_African,French,0.066928593
North_African,German,0.069307796
North_African,Greek,0.091368857
North_African,Indian,0.114103214
North_African,Indonesia,0.089418919
North_African,Iran,0.085466175
North_African,Irish,0.057010521
North_African,Israel,0.080058447
North_African,Italian,0.086831661
North_African,Japanese,0.045666714
North_African,Jewish,0.078959425
North_African,Korean,0.06393896
North_African,Lebanon,0.106950736
North_African,Malaysia,0.098369684
North_African,Mediterranean,0.098208058
North_African,Mexican,0.113855115
North_African,Middle_Eastern,0.108273368
North_African,Moroccan,0.131892173
North_African,Netherlands,0.068567155
North_African,Pakistan,0.152386756
North_African,Philippines,0.084368035
North_African,Portugal,0.088131499
North_African,Scandinavian,0.057845515
North_African,South_African,0.08102328
North_African,South_America,0.08486031
North_African,Southern_SoulFood,0.070591305
North_African,Southwestern,0.113242222
North_African,Spain,0.104137418
North_African,Spanish_Portuguese,0.096140864
North_African,Switzerland,0.06659706
North_African,Thai,0.081966274
North_African,Turkey,0.115651779
North_African,UK,0.064092209
North_African,Vietnamese,0.075337186
North_African,West_African,0.125991425
North_African,Western,0.07070409
Pakistan,African,0.145527963
Pakistan,American,0.064985693
Pakistan,Asian,0.100027719
Pakistan,Austria,0.035028503
Pakistan,Bangladesh,0.281263753
Pakistan,Belgium,0.055416653
Pakistan,Cajun_Creole,0.11727417
Pakistan,Canada,0.074812429
Pakistan,Caribbean,0.119716478
Pakistan,Central_South_American,0.130147107
Pakistan,Chinese,0.094933912
Pakistan,East_African,0.129209124
Pakistan,East_Asian,0.092199124
Pakistan,Eastern_Europe,0.076823729
Pakistan,Russian,0.07027075
Pakistan,Scottish,0.04385664
Pakistan,French,0.056720388
Pakistan,German,0.058465062
Pakistan,Greek,0.079242194
Pakistan,Indian,0.187475239
Pakistan,Indonesia,0.122884517
Pakistan,Iran,0.118959535
Pakistan,Irish,0.04933469
Pakistan,Israel,0.067940403
Pakistan,Italian,0.077187002
Pakistan,Japanese,0.064242573
Pakistan,Jewish,0.069519223
Pakistan,Korean,0.09348808
Pakistan,Lebanon,0.107873842
Pakistan,Malaysia,0.142129451
Pakistan,Mediterranean,0.089869278
Pakistan,Mexican,0.151131992
Pakistan,Middle_Eastern,0.112130152
Pakistan,Moroccan,0.141915106
Pakistan,Netherlands,0.042244778
Pakistan,North_African,0.152386756
Pakistan,Philippines,0.110888365
Pakistan,Portugal,0.08757189
Pakistan,Scandinavian,0.046753609
Pakistan,South_African,0.107927465
Pakistan,South_America,0.095879539
Pakistan,Southern_SoulFood,0.070649759
Pakistan,Southwestern,0.149233858
Pakistan,Spain,0.106164645
Pakistan,Spanish_Portuguese,0.100920706
Pakistan,Switzerland,0.052126526
Pakistan,Thai,0.129425259
Pakistan,Turkey,0.131151643
Pakistan,UK,0.052029537
Pakistan,Vietnamese,0.119689868
Pakistan,West_African,0.166381107
Pakistan,Western,0.069030145
Philippines,African,0.077771815
Philippines,American,0.076964947
Philippines,Asian,0.088658705
Philippines,Austria,0.088731397
Philippines,Bangladesh,0.118071809
Philippines,Belgium,0.093513072
Philippines,Cajun_Creole,0.095985853
Philippines,Canada,0.081735934
Philippines,Caribbean,0.090537305
Philippines,Central_South_American,0.085421354
Philippines,Chinese,0.106810924
Philippines,East_African,0.079787557
Philippines,East_Asian,0.098319315
Philippines,Eastern_Europe,0.096617847
Philippines,Russian,0.081491222
Philippines,Scottish,0.07108662
Philippines,French,0.073007944
Philippines,German,0.086813667
Philippines,Greek,0.066939271
Philippines,Indian,0.077054835
Philippines,Indonesia,0.116264722
Philippines,Iran,0.068667723
Philippines,Irish,0.071684864
Philippines,Israel,0.076659642
Philippines,Italian,0.07289913
Philippines,Japanese,0.084878486
Philippines,Jewish,0.07724872
Philippines,Korean,0.09744001
Philippines,Lebanon,0.080620492
Philippines,Malaysia,0.09102564
Philippines,Mediterranean,0.066998078
Philippines,Mexican,0.092133084
Philippines,Middle_Eastern,0.070522321
Philippines,Moroccan,0.069477921
Philippines,Netherlands,0.083135195
Philippines,North_African,0.084368035
Philippines,Pakistan,0.110888365
Philippines,Portugal,0.092694336
Philippines,Scandinavian,0.074503908
Philippines,South_African,0.080642984
Philippines,South_America,0.083062769
Philippines,Southern_SoulFood,0.081059783
Philippines,Southwestern,0.083791202
Philippines,Spain,0.079141913
Philippines,Spanish_Portuguese,0.07946366
Philippines,Switzerland,0.078770919
Philippines,Thai,0.082867149
Philippines,Turkey,0.104466295
Philippines,UK,0.080515599
Philippines,Vietnamese,0.094858238
Philippines,West_African,0.096261956
Philippines,Western,0.088808617
Portugal,African,0.080149784
Portugal,American,0.083473467
Portugal,Asian,0.045029404
Portugal,Austria,0.115539209
Portugal,Bangladesh,0.083740296
Portugal,Belgium,0.108702478
Portugal,Cajun_Creole,0.094602619
Portugal,Canada,0.084538217
Portugal,Caribbean,0.080030802
Portugal,Central_South_American,0.087056682
Portugal,Chinese,0.053925321
Portugal,East_African,0.06769354
Portugal,East_Asian,0.051009475
Portugal,Eastern_Europe,0.108455577
Portugal,Russian,0.093598935
Portugal,Scottish,0.086764592
Portugal,French,0.085620499
Portugal,German,0.099544183
Portugal,Greek,0.080465748
Portugal,Indian,0.064720962
Portugal,Indonesia,0.079004524
Portugal,Iran,0.061005838
Portugal,Irish,0.081434937
Portugal,Israel,0.083526777
Portugal,Italian,0.087668955
Portugal,Japanese,0.043721797
Portugal,Jewish,0.084178725
Portugal,Korean,0.049797494
Portugal,Lebanon,0.082332334
Portugal,Malaysia,0.071282085
Portugal,Mediterranean,0.083613005
Portugal,Mexican,0.090215227
Portugal,Middle_Eastern,0.07723704
Portugal,Moroccan,0.078087671
Portugal,Netherlands,0.114675844
Portugal,North_African,0.088131499
Portugal,Pakistan,0.08757189
Portugal,Philippines,0.092694336
Portugal,Scandinavian,0.091813226
Portugal,South_African,0.077768364
Portugal,South_America,0.090301476
Portugal,Southern_SoulFood,0.089142352
Portugal,Southwestern,0.085108799
Portugal,Spain,0.097638665
Portugal,Spanish_Portuguese,0.092991249
Portugal,Switzerland,0.102144167
Portugal,Thai,0.047332959
Portugal,Turkey,0.121224702
Portugal,UK,0.098878908
Portugal,Vietnamese,0.054163443
Portugal,West_African,0.092240337
Portugal,Western,0.094962639
Scandinavian,African,0.055634874
Scandinavian,American,0.095488608
Scandinavian,Asian,0.03276779
Scandinavian,Austria,0.181547979
Scandinavian,Bangladesh,0.045470211
Scandinavian,Belgium,0.155759464
Scandinavian,Cajun_Creole,0.064529328
Scandinavian,Canada,0.091754256
Scandinavian,Caribbean,0.050788238
Scandinavian,Central_South_American,0.057811309
Scandinavian,Chinese,0.040369332
Scandinavian,East_African,0.051370362
Scandinavian,East_Asian,0.03527539
Scandinavian,Eastern_Europe,0.11965664
Scandinavian,Russian,0.112904071
Scandinavian,Scottish,0.130159724
Scandinavian,French,0.099778146
Scandinavian,German,0.129763082
Scandinavian,Greek,0.05490315
Scandinavian,Indian,0.048854672
Scandinavian,Indonesia,0.061535038
Scandinavian,Iran,0.041861127
Scandinavian,Irish,0.113105501
Scandinavian,Israel,0.111256437
Scandinavian,Italian,0.061616953
Scandinavian,Japanese,0.040551929
Scandinavian,Jewish,0.097286118
Scandinavian,Korean,0.032963657
Scandinavian,Lebanon,0.04976873
Scandinavian,Malaysia,0.060013645
Scandinavian,Mediterranean,0.048197394
Scandinavian,Mexican,0.050158686
Scandinavian,Middle_Eastern,0.058639144
Scandinavian,Moroccan,0.054867653
Scandinavian,Netherlands,0.191948534
Scandinavian,North_African,0.057845515
Scandinavian,Pakistan,0.046753609
Scandinavian,Philippines,0.074503908
Scandinavian,Portugal,0.091813226
Scandinavian,South_African,0.085490685
Scandinavian,South_America,0.072192325
Scandinavian,Southern_SoulFood,0.104244972
Scandinavian,Southwestern,0.044983263
Scandinavian,Spain,0.051071198
Scandinavian,Spanish_Portuguese,0.053941005
Scandinavian,Switzerland,0.136778987
Scandinavian,Thai,0.027597664
Scandinavian,Turkey,0.086487863
Scandinavian,UK,0.130918386
Scandinavian,Vietnamese,0.02699986
Scandinavian,West_African,0.045909539
Scandinavian,Western,0.110052808
South_African,African,0.075021314
South_African,American,0.074125085
South_African,Asian,0.046213705
South_African,Austria,0.108824819
South_African,Bangladesh,0.128218046
South_African,Belgium,0.098052992
South_African,Cajun_Creole,0.074135546
South_African,Canada,0.077462042
South_African,Caribbean,0.070285881
South_African,Central_South_American,0.071114196
South_African,Chinese,0.044800322
South_African,East_African,0.076813866
South_African,East_Asian,0.043114266
South_African,Eastern_Europe,0.090506258
South_African,Russian,0.081783764
South_African,Scottish,0.080534087
South_African,French,0.069989506
South_African,German,0.090763527
South_African,Greek,0.050477201
South_African,Indian,0.096894436
South_African,Indonesia,0.071774648
South_African,Iran,0.066171462
South_African,Irish,0.074538257
South_African,Israel,0.077236358
South_African,Italian,0.052206172
South_African,Japanese,0.043227721
South_African,Jewish,0.071934546
South_African,Korean,0.041862798
South_African,Lebanon,0.052101795
South_African,Malaysia,0.099021782
South_African,Mediterranean,0.049190898
South_African,Mexican,0.072436019
South_African,Middle_Eastern,0.06260652
South_African,Moroccan,0.071405841
South_African,Netherlands,0.099176402
South_African,North_African,0.08102328
South_African,Pakistan,0.107927465
South_African,Philippines,0.080642984
South_African,Portugal,0.077768364
South_African,Scandinavian,0.085490685
South_African,South_America,0.075865978
South_African,Southern_SoulFood,0.072552324
South_African,Southwestern,0.063392761
South_African,Spain,0.066702632
South_African,Spanish_Portuguese,0.058830523
South_African,Switzerland,0.089902187
South_African,Thai,0.059708354
South_African,Turkey,0.087062547
South_African,UK,0.089811021
South_African,Vietnamese,0.047924259
South_African,West_African,0.081362493
South_African,Western,0.080591227
South_America,African,0.078698041
South_America,American,0.073017067
South_America,Asian,0.050113246
South_America,Austria,0.094203668
South_America,Bangladesh,0.093877342
South_America,Belgium,0.083698342
South_America,Cajun_Creole,0.082224752
South_America,Canada,0.074989602
South_America,Caribbean,0.078730794
South_America,Central_South_American,0.08581275
South_America,Chinese,0.054869602
South_America,East_African,0.06572475
South_America,East_Asian,0.051417481
South_America,Eastern_Europe,0.086914041
South_America,Russian,0.075925054
South_America,Scottish,0.072199715
South_America,French,0.070880296
South_America,German,0.081201139
South_America,Greek,0.067029555
South_America,Indian,0.074212477
South_America,Indonesia,0.081741489
South_America,Iran,0.060273626
South_America,Irish,0.066635441
South_America,Israel,0.073049593
South_America,Italian,0.070909639
South_America,Japanese,0.043180042
South_America,Jewish,0.073598873
South_America,Korean,0.050711893
South_America,Lebanon,0.074263636
South_America,Malaysia,0.078886331
South_America,Mediterranean,0.069373234
South_America,Mexican,0.090412432
South_America,Middle_Eastern,0.070537996
South_America,Moroccan,0.076091818
South_America,Netherlands,0.088461592
South_America,North_African,0.08486031
South_America,Pakistan,0.095879539
South_America,Philippines,0.083062769
South_America,Portugal,0.090301476
South_America,Scandinavian,0.072192325
South_America,South_African,0.075865978
South_America,Southern_SoulFood,0.075508008
South_America,Southwestern,0.087584355
South_America,Spain,0.082666898
South_America,Spanish_Portuguese,0.078313668
South_America,Switzerland,0.078551452
South_America,Thai,0.059672932
South_America,Turkey,0.098436628
South_America,UK,0.080767153
South_America,Vietnamese,0.060390845
South_America,West_African,0.088934181
South_America,Western,0.078811128
Southern_SoulFood,African,0.070537669
Southern_SoulFood,American,0.087404139
Southern_SoulFood,Asian,0.047421658
Southern_SoulFood,Austria,0.126175721
Southern_SoulFood,Bangladesh,0.071723755
Southern_SoulFood,Belgium,0.121622669
Southern_SoulFood,Cajun_Creole,0.093144637
Southern_SoulFood,Canada,0.085873248
Southern_SoulFood,Caribbean,0.068259413
Southern_SoulFood,Central_South_American,0.081424737
Southern_SoulFood,Chinese,0.055290893
Southern_SoulFood,East_African,0.055526606
Southern_SoulFood,East_Asian,0.053710906
Southern_SoulFood,Eastern_Europe,0.101863355
Southern_SoulFood,Russian,0.097074381
Southern_SoulFood,Scottish,0.107034779
Southern_SoulFood,French,0.088335504
Southern_SoulFood,German,0.102750716
Southern_SoulFood,Greek,0.064117381
Southern_SoulFood,Indian,0.061739331
Southern_SoulFood,Indonesia,0.079503994
Southern_SoulFood,Iran,0.046153249
Southern_SoulFood,Irish,0.096043022
Southern_SoulFood,Israel,0.090687242
Southern_SoulFood,Italian,0.073293551
Southern_SoulFood,Japanese,0.045133818
Southern_SoulFood,Jewish,0.081562389
Southern_SoulFood,Korean,0.052850562
Southern_SoulFood,Lebanon,0.06373083
Southern_SoulFood,Malaysia,0.064858798
Southern_SoulFood,Mediterranean,0.061795434
Southern_SoulFood,Mexican,0.083346717
Southern_SoulFood,Middle_Eastern,0.068100441
Southern_SoulFood,Moroccan,0.065938162
Southern_SoulFood,Netherlands,0.132363266
Southern_SoulFood,North_African,0.070591305
Southern_SoulFood,Pakistan,0.070649759
Southern_SoulFood,Philippines,0.081059783
Southern_SoulFood,Portugal,0.089142352
Southern_SoulFood,Scandinavian,0.104244972
Southern_SoulFood,South_African,0.072552324
Southern_SoulFood,South_America,0.075508008
Southern_SoulFood,Southwestern,0.082376724
Southern_SoulFood,Spain,0.067001126
Southern_SoulFood,Spanish_Portuguese,0.070573038
Southern_SoulFood,Switzerland,0.101873757
Southern_SoulFood,Thai,0.047149108
Southern_SoulFood,Turkey,0.093248015
Southern_SoulFood,UK,0.104194926
Southern_SoulFood,Vietnamese,0.048408514
Southern_SoulFood,West_African,0.070530467
Southern_SoulFood,Western,0.097344638
Southwestern,African,0.111749257
Southwestern,American,0.065090458
Southwestern,Asian,0.07512414
Southwestern,Austria,0.043838937
Southwestern,Bangladesh,0.156390331
Southwestern,Belgium,0.055398011
Southwestern,Cajun_Creole,0.114701627
Southwestern,Canada,0.069736473
Southwestern,Caribbean,0.103540364
Southwestern,Central_South_American,0.139180965
Southwestern,Chinese,0.074717207
Southwestern,East_African,0.086599331
Southwestern,East_Asian,0.078937297
Southwestern,Eastern_Europe,0.070213172
Southwestern,Russian,0.06661249
Southwestern,Scottish,0.052742479
Southwestern,French,0.060725148
Southwestern,German,0.055632833
Southwestern,Greek,0.082306896
Southwestern,Indian,0.109179553
Southwestern,Indonesia,0.101258483
Southwestern,Iran,0.078780174
Southwestern,Irish,0.050317627
Southwestern,Israel,0.061205033
Southwestern,Italian,0.083947836
Southwestern,Japanese,0.04773474
Southwestern,Jewish,0.063823343
Southwestern,Korean,0.080683226
Southwestern,Lebanon,0.090812687
Southwestern,Malaysia,0.089621967
Southwestern,Mediterranean,0.090202113
Southwestern,Mexican,0.158176831
Southwestern,Middle_Eastern,0.093318011
Southwestern,Moroccan,0.110867183
Southwestern,Netherlands,0.047436185
Southwestern,North_African,0.113242222
Southwestern,Pakistan,0.149233858
Southwestern,Philippines,0.083791202
Southwestern,Portugal,0.085108799
Southwestern,Scandinavian,0.044983263
Southwestern,South_African,0.063392761
Southwestern,South_America,0.087584355
Southwestern,Southern_SoulFood,0.082376724
Southwestern,Spain,0.100979917
Southwestern,Spanish_Portuguese,0.102395626
Southwestern,Switzerland,0.052073806
Southwestern,Thai,0.098199917
Southwestern,Turkey,0.108071732
Southwestern,UK,0.053067735
Southwestern,Vietnamese,0.098471201
Southwestern,West_African,0.131517196
Southwestern,Western,0.065914906
Spain,African,0.097636835
Spain,American,0.064465357
Spain,Asian,0.053093443
Spain,Austria,0.057066654
Spain,Bangladesh,0.09392891
Spain,Belgium,0.063575887
Spain,Cajun_Creole,0.103560929
Spain,Canada,0.068018811
Spain,Caribbean,0.091013393
Spain,Central_South_American,0.09584333
Spain,Chinese,0.05732131
Spain,East_African,0.071679235
Spain,East_Asian,0.054562884
Spain,Eastern_Europe,0.076722876
Spain,Russian,0.069306151
Spain,Scottish,0.051065891
Spain,French,0.067724034
Spain,German,0.065124591
Spain,Greek,0.095760459
Spain,Indian,0.075951307
Spain,Indonesia,0.07753819
Spain,Iran,0.074974122
Spain,Irish,0.05115627
Spain,Israel,0.057308078
Spain,Italian,0.092141623
Spain,Japanese,0.043972219
Spain,Jewish,0.0713413
Spain,Korean,0.053906203
Spain,Lebanon,0.094297958
Spain,Malaysia,0.077361893
Spain,Mediterranean,0.101758535
Spain,Mexican,0.103747622
Spain,Middle_Eastern,0.088482618
Spain,Moroccan,0.100771855
Spain,Netherlands,0.055639063
Spain,North_African,0.104137418
Spain,Pakistan,0.106164645
Spain,Philippines,0.079141913
Spain,Portugal,0.097638665
Spain,Scandinavian,0.051071198
Spain,South_African,0.066702632
Spain,South_America,0.082666898
Spain,Southern_SoulFood,0.067001126
Spain,Southwestern,0.100979917
Spain,Spanish_Portuguese,0.108047621
Spain,Switzerland,0.061957437
Spain,Thai,0.063987337
Spain,Turkey,0.11839224
Spain,UK,0.059832487
Spain,Vietnamese,0.067025547
Spain,West_African,0.110955209
Spain,Western,0.067367516
Spanish_Portuguese,African,0.096668347
Spanish_Portuguese,American,0.064887735
Spanish_Portuguese,Asian,0.055399682
Spanish_Portuguese,Austria,0.061257768
Spanish_Portuguese,Bangladesh,0.093032954
Spanish_Portuguese,Belgium,0.066078399
Spanish_Portuguese,Cajun_Creole,0.099053533
Spanish_Portuguese,Canada,0.066735132
Spanish_Portuguese,Caribbean,0.085435392
Spanish_Portuguese,Central_South_American,0.098148889
Spanish_Portuguese,Chinese,0.057423347
Spanish_Portuguese,East_African,0.063618424
Spanish_Portuguese,East_Asian,0.056748696
Spanish_Portuguese,Eastern_Europe,0.072835973
Spanish_Portuguese,Russian,0.072616328
Spanish_Portuguese,Scottish,0.059534116
Spanish_Portuguese,French,0.072801961
Spanish_Portuguese,German,0.063045392
Spanish_Portuguese,Greek,0.099091662
Spanish_Portuguese,Indian,0.071644888
Spanish_Portuguese,Indonesia,0.077117614
Spanish_Portuguese,Iran,0.06799787
Spanish_Portuguese,Irish,0.053285105
Spanish_Portuguese,Israel,0.061579801
Spanish_Portuguese,Italian,0.0957815
Spanish_Portuguese,Japanese,0.044646744
Spanish_Portuguese,Jewish,0.06946257
Spanish_Portuguese,Korean,0.056680539
Spanish_Portuguese,Lebanon,0.098872647
Spanish_Portuguese,Malaysia,0.070436213
Spanish_Portuguese,Mediterranean,0.105263769
Spanish_Portuguese,Mexican,0.099058731
Spanish_Portuguese,Middle_Eastern,0.09071197
Spanish_Portuguese,Moroccan,0.099809402
Spanish_Portuguese,Netherlands,0.058207965
Spanish_Portuguese,North_African,0.096140864
Spanish_Portuguese,Pakistan,0.100920706
Spanish_Portuguese,Philippines,0.07946366
Spanish_Portuguese,Portugal,0.092991249
Spanish_Portuguese,Scandinavian,0.053941005
Spanish_Portuguese,South_African,0.058830523
Spanish_Portuguese,South_America,0.078313668
Spanish_Portuguese,Southern_SoulFood,0.070573038
Spanish_Portuguese,Southwestern,0.102395626
Spanish_Portuguese,Spain,0.108047621
Spanish_Portuguese,Switzerland,0.056699921
Spanish_Portuguese,Thai,0.063455359
Spanish_Portuguese,Turkey,0.107957956
Spanish_Portuguese,UK,0.057941997
Spanish_Portuguese,Vietnamese,0.069478089
Spanish_Portuguese,West_African,0.099329399
Spanish_Portuguese,Western,0.069886382
Switzerland,African,0.06050981
Switzerland,American,0.096157254
Switzerland,Asian,0.030924055
Switzerland,Austria,0.175720101
Switzerland,Bangladesh,0.05332837
Switzerland,Belgium,0.15691359
Switzerland,Cajun_Creole,0.070168272
Switzerland,Canada,0.093578032
Switzerland,Caribbean,0.058286663
Switzerland,Central_South_American,0.064269012
Switzerland,Chinese,0.04092563
Switzerland,East_African,0.05698419
Switzerland,East_Asian,0.036859841
Switzerland,Eastern_Europe,0.124247451
Switzerland,Russian,0.115361458
Switzerland,Scottish,0.123811351
Switzerland,French,0.100908641
Switzerland,German,0.131838917
Switzerland,Greek,0.060076425
Switzerland,Indian,0.051880431
Switzerland,Indonesia,0.064363227
Switzerland,Iran,0.042841584
Switzerland,Irish,0.109946195
Switzerland,Israel,0.110945761
Switzerland,Italian,0.070880184
Switzerland,Japanese,0.036238486
Switzerland,Jewish,0.099061507
Switzerland,Korean,0.035388734
Switzerland,Lebanon,0.055285014
Switzerland,Malaysia,0.060841756
Switzerland,Mediterranean,0.053589965
Switzerland,Mexican,0.060494195
Switzerland,Middle_Eastern,0.06240675
Switzerland,Moroccan,0.060050674
Switzerland,Netherlands,0.182326016
Switzerland,North_African,0.06659706
Switzerland,Pakistan,0.052126526
Switzerland,Philippines,0.078770919
Switzerland,Portugal,0.102144167
Switzerland,Scandinavian,0.136778987
Switzerland,South_African,0.089902187
Switzerland,South_America,0.078551452
Switzerland,Southern_SoulFood,0.101873757
Switzerland,Southwestern,0.052073806
Switzerland,Spain,0.061957437
Switzerland,Spanish_Portuguese,0.056699921
Switzerland,Thai,0.028456088
Switzerland,Turkey,0.099141007
Switzerland,UK,0.133970729
Switzerland,Vietnamese,0.030178645
Switzerland,West_African,0.053547076
Switzerland,Western,0.110451029
Thai,African,0.085158116
Thai,American,0.04324745
Thai,Asian,0.107963194
Thai,Austria,0.021464747
Thai,Bangladesh,0.131347739
Thai,Belgium,0.030465958
Thai,Cajun_Creole,0.07890726
Thai,Canada,0.04859181
Thai,Caribbean,0.07924949
Thai,Central_South_American,0.082100989
Thai,Chinese,0.098009484
Thai,East_African,0.069869183
Thai,East_Asian,0.091136223
Thai,Eastern_Europe,0.042022769
Thai,Russian,0.039191169
Thai,Scottish,0.030153851
Thai,French,0.037860219
Thai,German,0.034178658
Thai,Greek,0.046547984
Thai,Indian,0.10705466
Thai,Indonesia,0.100837799
Thai,Iran,0.05914773
Thai,Irish,0.031670305
Thai,Israel,0.043338555
Thai,Italian,0.049358064
Thai,Japanese,0.073406502
Thai,Jewish,0.043473583
Thai,Korean,0.093665701
Thai,Lebanon,0.059704597
Thai,Malaysia,0.11330818
Thai,Mediterranean,0.05596198
Thai,Mexican,0.090574127
Thai,Middle_Eastern,0.064460638
Thai,Moroccan,0.080316765
Thai,Netherlands,0.024980046
Thai,North_African,0.081966274
Thai,Pakistan,0.129425259
Thai,Philippines,0.082867149
Thai,Portugal,0.047332959
Thai,Scandinavian,0.027597664
Thai,South_African,0.059708354
Thai,South_America,0.059672932
Thai,Southern_SoulFood,0.047149108
Thai,Southwestern,0.098199917
Thai,Spain,0.063987337
Thai,Spanish_Portuguese,0.063455359
Thai,Switzerland,0.028456088
Thai,Turkey,0.066043319
Thai,UK,0.03025544
Thai,Vietnamese,0.135117973
Thai,West_African,0.097833755
Thai,Western,0.040707541
Turkey,African,0.104099603
Turkey,American,0.089807952
Turkey,Asian,0.055243799
Turkey,Austria,0.105629772
Turkey,Bangladesh,0.104242551
Turkey,Belgium,0.11034062
Turkey,Cajun_Creole,0.111887273
Turkey,Canada,0.093721134
Turkey,Caribbean,0.099191904
Turkey,Central_South_American,0.108163522
Turkey,Chinese,0.061323993
Turkey,East_African,0.095179484
Turkey,East_Asian,0.061973336
Turkey,Eastern_Europe,0.113619793
Turkey,Russian,0.098582096
Turkey,Scottish,0.08393989
Turkey,French,0.088951543
Turkey,German,0.09499793
Turkey,Greek,0.105506717
Turkey,Indian,0.091651143
Turkey,Indonesia,0.095654216
Turkey,Iran,0.103510819
Turkey,Irish,0.080229452
Turkey,Israel,0.09122099
Turkey,Italian,0.107226583
Turkey,Japanese,0.048153772
Turkey,Jewish,0.090925822
Turkey,Korean,0.06219549
Turkey,Lebanon,0.10913362
Turkey,Malaysia,0.092268671
Turkey,Mediterranean,0.107374808
Turkey,Mexican,0.119914365
Turkey,Middle_Eastern,0.105164469
Turkey,Moroccan,0.105348498
Turkey,Netherlands,0.10662764
Turkey,North_African,0.115651779
Turkey,Pakistan,0.131151643
Turkey,Philippines,0.104466295
Turkey,Portugal,0.121224702
Turkey,Scandinavian,0.086487863
Turkey,South_African,0.087062547
Turkey,South_America,0.098436628
Turkey,Southern_SoulFood,0.093248015
Turkey,Southwestern,0.108071732
Turkey,Spain,0.11839224
Turkey,Spanish_Portuguese,0.107957956
Turkey,Switzerland,0.099141007
Turkey,Thai,0.066043319
Turkey,UK,0.097438127
Turkey,Vietnamese,0.07254949
Turkey,West_African,0.128820376
Turkey,Western,0.096665785
UK,African,0.058630763
UK,American,0.096392042
UK,Asian,0.03418043
UK,Austria,0.167444993
UK,Bangladesh,0.05494325
UK,Belgium,0.151257192
UK,Cajun_Creole,0.072286089
UK,Canada,0.095147083
UK,Caribbean,0.058084693
UK,Central_South_American,0.063558575
UK,Chinese,0.042842787
UK,East_African,0.05792285
UK,East_Asian,0.03797738
UK,Eastern_Europe,0.120839358
UK,Russian,0.108051265
UK,Scottish,0.124825236
UK,French,0.095913726
UK,German,0.127252022
UK,Greek,0.056568712
UK,Indian,0.051358243
UK,Indonesia,0.066741608
UK,Iran,0.04451991
UK,Irish,0.114985156
UK,Israel,0.106714172
UK,Italian,0.065377296
UK,Japanese,0.040991314
UK,Jewish,0.093315604
UK,Korean,0.036143331
UK,Lebanon,0.054728371
UK,Malaysia,0.064676815
UK,Mediterranean,0.051927759
UK,Mexican,0.060814886
UK,Middle_Eastern,0.060441467
UK,Moroccan,0.057489261
UK,Netherlands,0.173917878
UK,North_African,0.064092209
UK,Pakistan,0.052029537
UK,Philippines,0.080515599
UK,Portugal,0.098878908
UK,Scandinavian,0.130918386
UK,South_African,0.089811021
UK,South_America,0.080767153
UK,Southern_SoulFood,0.104194926
UK,Southwestern,0.053067735
UK,Spain,0.059832487
UK,Spanish_Portuguese,0.057941997
UK,Switzerland,0.133970729
UK,Thai,0.03025544
UK,Turkey,0.097438127
UK,Vietnamese,0.032221173
UK,West_African,0.057633237
UK,Western,0.107522951
Vietnamese,African,0.078243952
Vietnamese,American,0.045136569
Vietnamese,Asian,0.108366047
Vietnamese,Austria,0.021916366
Vietnamese,Bangladesh,0.128629139
Vietnamese,Belgium,0.034502565
Vietnamese,Cajun_Creole,0.084397121
Vietnamese,Canada,0.049837461
Vietnamese,Caribbean,0.080649212
Vietnamese,Central_South_American,0.085027485
Vietnamese,Chinese,0.09987011
Vietnamese,East_African,0.065308666
Vietnamese,East_Asian,0.10253012
Vietnamese,Eastern_Europe,0.046935431
Vietnamese,Russian,0.043520265
Vietnamese,Scottish,0.03055143
Vietnamese,French,0.041829144
Vietnamese,German,0.036152045
Vietnamese,Greek,0.053992018
Vietnamese,Indian,0.085469157
Vietnamese,Indonesia,0.098613548
Vietnamese,Iran,0.065316558
Vietnamese,Irish,0.034259077
Vietnamese,Israel,0.038279348
Vietnamese,Italian,0.057241673
Vietnamese,Japanese,0.080154453
Vietnamese,Jewish,0.045320304
Vietnamese,Korean,0.106130654
Vietnamese,Lebanon,0.067934037
Vietnamese,Malaysia,0.085346392
Vietnamese,Mediterranean,0.061896385
Vietnamese,Mexican,0.094269925
Vietnamese,Middle_Eastern,0.06313355
Vietnamese,Moroccan,0.071257734
Vietnamese,Netherlands,0.022660451
Vietnamese,North_African,0.075337186
Vietnamese,Pakistan,0.119689868
Vietnamese,Philippines,0.094858238
Vietnamese,Portugal,0.054163443
Vietnamese,Scandinavian,0.02699986
Vietnamese,South_African,0.047924259
Vietnamese,South_America,0.060390845
Vietnamese,Southern_SoulFood,0.048408514
Vietnamese,Southwestern,0.098471201
Vietnamese,Spain,0.067025547
Vietnamese,Spanish_Portuguese,0.069478089
Vietnamese,Switzerland,0.030178645
Vietnamese,Thai,0.135117973
Vietnamese,Turkey,0.07254949
Vietnamese,UK,0.032221173
Vietnamese,West_African,0.087275381
Vietnamese,Western,0.044907883
West_African,African,0.116197459
West_African,American,0.06479931
West_African,Asian,0.072411383
West_African,Austria,0.044768711
West_African,Bangladesh,0.174012867
West_African,Belgium,0.058356145
West_African,Cajun_Creole,0.120859643
West_African,Canada,0.072208727
West_African,Caribbean,0.105141669
West_African,Central_South_American,0.11739774
West_African,Chinese,0.073041396
West_African,East_African,0.106678447
West_African,East_Asian,0.076251922
West_African,Eastern_Europe,0.078557225
West_African,Russian,0.066442735
West_African,Scottish,0.04525615
West_African,French,0.057800102
West_African,German,0.060966507
West_African,Greek,0.077833184
West_African,Indian,0.117348146
West_African,Indonesia,0.116987998
West_African,Iran,0.087707019
West_African,Irish,0.051076873
West_African,Israel,0.067729304
West_African,Italian,0.081604681
West_African,Japanese,0.052499004
West_African,Jewish,0.069276854
West_African,Korean,0.076920085
West_African,Lebanon,0.085391461
West_African,Malaysia,0.115963228
West_African,Mediterranean,0.0892151
West_African,Mexican,0.141354551
West_African,Middle_Eastern,0.089806829
West_African,Moroccan,0.111785441
West_African,Netherlands,0.051227783
West_African,North_African,0.125991425
West_African,Pakistan,0.166381107
West_African,Philippines,0.096261956
West_African,Portugal,0.092240337
West_African,Scandinavian,0.045909539
West_African,South_African,0.081362493
West_African,South_America,0.088934181
West_African,Southern_SoulFood,0.070530467
West_African,Southwestern,0.131517196
West_African,Spain,0.110955209
West_African,Spanish_Portuguese,0.099329399
West_African,Switzerland,0.053547076
West_African,Thai,0.097833755
West_African,Turkey,0.128820376
West_African,UK,0.057633237
West_African,Vietnamese,0.087275381
West_African,Western,0.067879687
Western,African,0.066998612
Western,American,0.088516821
Western,Asian,0.04258943
Western,Austria,0.140634925
Western,Bangladesh,0.064599764
Western,Belgium,0.124161705
Western,Cajun_Creole,0.079770309
Western,Canada,0.087581355
Western,Caribbean,0.066358722
Western,Central_South_American,0.073176059
Western,Chinese,0.052585915
Western,East_African,0.054540191
Western,East_Asian,0.053163547
Western,Eastern_Europe,0.109306702
Western,Russian,0.101712711
Western,Scottish,0.105986459
Western,French,0.090920449
Western,German,0.109228078
Western,Greek,0.067323243
Western,Indian,0.057064895
Western,Indonesia,0.076723737
Western,Iran,0.052427417
Western,Irish,0.09341903
Western,Israel,0.096893522
Western,Italian,0.075420703
Western,Japanese,0.048743948
Western,Jewish,0.089141346
Western,Korean,0.050996251
Western,Lebanon,0.066878257
Western,Malaysia,0.063038427
Western,Mediterranean,0.063127552
Western,Mexican,0.071994307
Western,Middle_Eastern,0.067697254
Western,Moroccan,0.06264368
Western,Netherlands,0.137640858
Western,North_African,0.07070409
Western,Pakistan,0.069030145
Western,Philippines,0.088808617
Western,Portugal,0.094962639
Western,Scandinavian,0.110052808
Western,South_African,0.080591227
Western,South_America,0.078811128
Western,Southern_SoulFood,0.097344638
Western,Southwestern,0.065914906
Western,Spain,0.067367516
Western,Spanish_Portuguese,0.069886382
Western,Switzerland,0.110451029
Western,Thai,0.040707541
Western,Turkey,0.096665785
Western,UK,0.107522951
Western,Vietnamese,0.044907883
Western,West_African,0.067879687
